MAC125,MAC112,MAC47,MAC22,MAC226,MAC79,MAC18,MAC208,MAC12,MAC81,MAC224,MAC70,MAC90,MAC76,MAC120,MAC128,MAC17,MAC31,MAC63,MAC34,MAC24,MAC32,MAC8,MAC340,MAC108,MAC77,MAC25,MAC141,MAC56,MAC33,MAC133,MAC9,MAC82,MAC213,MAC53,MAC75,MAC61,MAC84,MAC105,MAC14,MAC26,MAC46,MAC4,MAC40,MAC23,MAC6,ECoord,NCoord,FloorID,BuildingID,SceneID,UserID,PhoneID,SampleTimes
-105,-105,-105,-55,-105,-105,-74,-105,-105,-105,-105,-105,-105,-105,-105,-105,-105,-65,-105,-64,-105,-105,-49,-105,-105,-105,-57,-105,-105,-69,-105,-73,-105,-105,-105,-105,-105,-105,-105,-105,-62,-105,-67,-74,-67,-49,19.03,20.05,4,3,1,1,1,1
-105,-105,-105,-49,-105,-105,-71,-105,-56,-105,-105,-105,-105,-105,-105,-105,-67,-105,-105,-105,-105,-105,-37,-105,-105,-105,-63,-105,-105,-83,-105,-73,-105,-105,-105,-105,-105,-105,-105,-86,-66,-105,-105,-82,-72,-51,19.03,18.85,4,3,1,1,1,1
-105,-105,-103,-48,-105,-105,-73,-105,-64,-105,-105,-105,-105,-105,-105,-105,-70,-105,-105,-102,-98,-97,-37,-105,-105,-105,-63,-105,-105,-83,-105,-77,-105,-105,-105,-105,-105,-105,-105,-87,-69,-105,-98,-81,-72,-50,20.23,20.05,4,3,1,1,1,1
-105,-105,-82,-45,-105,-105,-105,-105,-105,-105,-105,-105,-105,-105,-105,-105,-105,-105,-105,-61,-61,-57,-39,-105,-105,-105,-63,-105,-105,-83,-105,-79,-105,-105,-105,-105,-105,-105,-105,-78,-105,-105,-61,-73,-71,-43,20.23,18.85,4,3,1,1,1,1
-105,-105,-105,-60,-105,-105,-66,-105,-53,-105,-105,-105,-105,-105,-105,-105,-65,-105,-71,-57,-57,-105,-55,-105,-105,-105,-62,-105,-105,-76,-105,-73,-105,-105,-105,-105,-105,-105,-105,-81,-105,-105,-67,-105,-105,-49,21.43,20.05,4,3,1,1,1,1
-105,-105,-105,-56,-105,-105,-73,-105,-87,-105,-105,-105,-105,-105,-105,-105,-93,-105,-95,-91,-91,-74,-43,-105,-105,-105,-66,-105,-105,-82,-105,-78,-105,-105,-92,-105,-105,-105,-105,-80,-80,-105,-71,-105,-79,-47,21.43,18.85,4,3,1,1,1,1
-105,-105,-105,-42,-105,-52,-60,-105,-52,-105,-105,-105,-105,-105,-105,-105,-105,-62,-105,-54,-59,-51,-34,-105,-105,-67,-48,-105,-65,-66,-105,-47,-77,-105,-105,-72,-105,-90,-105,-72,-63,-78,-67,-60,-60,-32,22.63,20.05,4,3,1,1,1,1
-105,-105,-105,-79,-105,-105,-64,-105,-71,-85,-105,-105,-105,-87,-105,-105,-105,-105,-81,-74,-105,-60,-35,-105,-105,-105,-49,-105,-89,-85,-105,-50,-90,-105,-75,-105,-105,-105,-105,-73,-76,-92,-67,-61,-75,-38,22.63,18.85,4,3,1,1,1,1
-105,-105,-105,-45,-105,-105,-105,-105,-52,-105,-105,-105,-105,-105,-105,-105,-105,-105,-105,-105,-105,-105,-37,-105,-105,-105,-44,-105,-69,-58,-105,-53,-105,-105,-73,-105,-105,-105,-105,-73,-64,-74,-66,-59,-61,-40,23.83,20.05,4,3,1,1,1,1
-105,-105,-105,-33,-105,-105,-63,-105,-49,-105,-105,-105,-105,-105,-105,-105,-60,-52,-105,-105,-60,-105,-44,-105,-105,-105,-36,-105,-69,-74,-105,-55,-83,-105,-69,-77,-105,-105,-105,-73,-63,-74,-65,-70,-105,-49,23.83,18.85,4,3,1,1,1,1
-105,-105,-105,-33,-105,-105,-63,-105,-49,-105,-105,-105,-105,-105,-105,-105,-60,-52,-105,-105,-60,-105,-44,-105,-105,-105,-36,-105,-69,-74,-105,-55,-83,-105,-69,-77,-105,-105,-105,-73,-63,-74,-65,-70,-105,-49,25.03,20.05,4,3,1,1,1,1
-105,-105,-105,-38,-105,-105,-62,-105,-47,-105,-105,-105,-105,-105,-105,-105,-56,-46,-105,-46,-51,-54,-40,-105,-105,-105,-46,-105,-71,-80,-105,-54,-105,-105,-77,-77,-105,-105,-105,-67,-65,-73,-70,-65,-72,-48,25.03,18.85,4,3,1,1,1,1
-105,-105,-105,-38,-105,-105,-62,-105,-47,-105,-105,-105,-105,-105,-105,-105,-58,-46,-105,-46,-53,-56,-40,-105,-105,-105,-46,-105,-71,-80,-105,-54,-105,-105,-77,-77,-105,-105,-105,-67,-65,-73,-71,-65,-72,-48,26.23,20.05,4,3,1,1,1,1
-105,-105,-105,-38,-105,-105,-105,-105,-105,-105,-105,-105,-105,-105,-105,-105,-105,-105,-105,-105,-61,-55,-28,-105,-105,-105,-53,-105,-68,-105,-105,-53,-84,-105,-80,-83,-86,-105,-105,-70,-105,-79,-73,-67,-72,-38,26.23,18.85,4,3,1,1,1,1
-105,-105,-105,-32,-105,-58,-69,-105,-51,-105,-105,-59,-105,-105,-105,-105,-105,-54,-105,-105,-105,-105,-33,-105,-105,-105,-64,-105,-64,-105,-105,-55,-80,-105,-73,-74,-105,-105,-105,-70,-105,-73,-70,-69,-105,-49,23.83,17.05,4,3,1,1,1,1
-105,-105,-103,-35,-105,-57,-68,-105,-52,-105,-105,-60,-97,-105,-105,-105,-105,-69,-94,-105,-105,-89,-35,-105,-105,-98,-58,-105,-65,-95,-105,-52,-79,-105,-72,-73,-105,-105,-104,-69,-97,-72,-67,-67,-96,-48,25.03,17.05,4,3,1,1,1,1
-105,-105,-105,-39,-105,-105,-105,-105,-105,-105,-105,-57,-70,-105,-105,-105,-59,-105,-58,-105,-51,-49,-36,-105,-105,-76,-47,-105,-72,-73,-105,-50,-84,-105,-78,-75,-88,-105,-105,-75,-70,-74,-65,-72,-68,-48,26.23,17.05,4,3,1,1,1,1
-105,-105,-105,-24,-105,-105,-54,-105,-48,-105,-105,-105,-105,-105,-105,-105,-105,-105,-105,-54,-49,-52,-41,-105,-105,-71,-45,-105,-57,-67,-105,-52,-105,-105,-70,-78,-105,-105,-105,-73,-72,-73,-68,-64,-67,-53,23.83,15.85,4,3,1,1,1,1
-105,-105,-105,-24,-105,-105,-54,-105,-48,-105,-105,-105,-105,-105,-105,-105,-105,-105,-105,-54,-49,-50,-41,-105,-105,-71,-45,-105,-57,-67,-105,-52,-105,-105,-70,-78,-105,-105,-105,-73,-71,-73,-68,-64,-67,-53,25.03,15.85,4,3,1,1,1,1
-105,-105,-105,-37,-105,-105,-105,-105,-105,-105,-105,-63,-105,-105,-105,-105,-105,-105,-105,-105,-48,-51,-45,-105,-105,-80,-52,-105,-72,-68,-105,-55,-81,-105,-78,-79,-105,-105,-105,-69,-69,-105,-71,-67,-66,-47,26.23,15.85,4,3,1,1,1,1
-105,-105,-53,-25,-105,-58,-105,-105,-105,-105,-105,-105,-105,-105,-105,-105,-55,-57,-105,-50,-56,-39,-33,-105,-105,-68,-47,-105,-62,-69,-105,-49,-76,-105,-73,-76,-105,-105,-105,-69,-68,-73,-69,-57,-61,-49,23.83,14.65,4,3,1,1,1,1
-105,-105,-81,-35,-105,-53,-84,-105,-77,-105,-105,-85,-105,-105,-105,-105,-59,-55,-105,-51,-52,-43,-36,-105,-95,-88,-45,-105,-59,-66,-105,-46,-91,-105,-69,-91,-95,-95,-96,-68,-65,-73,-68,-56,-63,-49,25.03,14.64,4,3,1,1,1,1
-105,-105,-105,-42,-105,-105,-55,-105,-44,-105,-105,-105,-105,-105,-105,-105,-105,-51,-105,-43,-105,-45,-35,-105,-105,-80,-42,-105,-61,-69,-105,-54,-75,-105,-74,-76,-105,-105,-105,-69,-71,-105,-71,-60,-65,-48,26.23,14.65,4,3,1,1,1,1
-105,-105,-51,-61,-105,-79,-82,-105,-42,-65,-105,-79,-105,-105,-105,-105,-65,-57,-76,-105,-66,-42,-50,-105,-105,-63,-43,-105,-55,-88,-105,-41,-64,-105,-71,-63,-94,-92,-97,-67,-69,-75,-69,-60,-61,-54,23.83,13.45,4,3,1,1,1,1
-105,-105,-51,-105,-105,-105,-105,-105,-41,-65,-105,-105,-105,-105,-105,-105,-61,-61,-105,-105,-105,-41,-55,-105,-105,-65,-43,-105,-56,-63,-105,-41,-64,-105,-72,-61,-105,-105,-82,-69,-70,-76,-66,-57,-61,-51,25.03,13.45,4,3,1,1,1,1
-105,-105,-105,-38,-105,-53,-60,-105,-40,-105,-105,-105,-105,-105,-105,-105,-105,-105,-105,-105,-56,-46,-42,-105,-105,-69,-53,-105,-65,-68,-105,-51,-73,-105,-79,-77,-105,-105,-105,-77,-68,-81,-70,-68,-105,-52,26.23,13.45,4,3,1,1,1,1
-105,-99,-65,-40,-105,-63,-90,-105,-56,-61,-105,-64,-76,-105,-95,-105,-65,-105,-105,-50,-44,-49,-47,-105,-85,-77,-46,-105,-62,-63,-105,-46,-67,-105,-71,-71,-105,-98,-105,-65,-68,-105,-68,-61,-61,-48,23.83,12.25,4,3,1,1,1,1
-105,-73,-54,-36,-105,-105,-48,-105,-105,-46,-105,-63,-105,-105,-66,-105,-105,-105,-105,-51,-47,-50,-44,-105,-82,-105,-45,-105,-68,-69,-105,-45,-59,-105,-78,-76,-105,-80,-105,-69,-105,-105,-69,-65,-68,-57,25.03,12.25,4,3,1,1,1,1
-105,-90,-77,-42,-105,-105,-49,-105,-105,-58,-105,-85,-105,-105,-87,-105,-82,-105,-105,-74,-53,-79,-46,-105,-86,-105,-51,-105,-62,-70,-105,-49,-65,-105,-77,-79,-105,-83,-105,-71,-85,-90,-72,-63,-68,-57,26.23,12.25,4,3,1,1,1,1
-105,-105,-105,-62,-105,-42,-46,-105,-28,-54,-105,-105,-61,-105,-50,-105,-105,-105,-105,-105,-105,-53,-62,-105,-71,-105,-75,-105,-57,-46,-105,-47,-56,-105,-105,-83,-105,-70,-67,-105,-82,-105,-105,-72,-105,-79,19.03,11.05,4,3,1,1,1,1
-105,-105,-105,-62,-105,-42,-46,-105,-28,-54,-105,-105,-61,-105,-50,-105,-105,-105,-105,-105,-105,-53,-62,-105,-71,-105,-75,-105,-57,-46,-105,-47,-56,-105,-105,-83,-105,-70,-67,-105,-82,-105,-105,-72,-105,-79,19.03,9.85,4,3,1,1,1,1
-105,-63,-105,-62,-105,-48,-39,-105,-34,-54,-105,-105,-105,-105,-105,-105,-105,-105,-105,-105,-63,-53,-65,-105,-71,-105,-72,-105,-57,-51,-105,-45,-66,-105,-105,-105,-105,-73,-76,-81,-76,-105,-80,-66,-80,-83,20.23,11.05,4,3,1,1,1,1
-100,-67,-105,-66,-105,-53,-39,-105,-51,-53,-105,-105,-105,-105,-98,-105,-99,-96,-105,-105,-68,-53,-68,-105,-70,-105,-75,-105,-58,-50,-105,-45,-65,-105,-105,-105,-105,-72,-74,-82,-80,-105,-81,-67,-82,-88,20.23,9.85,4,3,1,1,1,1
-98,-97,-71,-97,-105,-51,-44,-105,-53,-59,-105,-105,-105,-105,-49,-105,-97,-99,-105,-105,-105,-61,-98,-105,-57,-105,-66,-105,-45,-44,-85,-44,-56,-105,-105,-83,-105,-60,-60,-79,-78,-105,-78,-57,-105,-68,21.43,11.05,4,3,1,1,1,1
-105,-105,-101,-56,-105,-47,-36,-105,-30,-55,-105,-105,-105,-105,-58,-105,-105,-105,-105,-60,-57,-54,-57,-105,-62,-105,-67,-105,-51,-51,-103,-43,-65,-105,-105,-81,-105,-70,-98,-102,-69,-105,-102,-62,-81,-98,21.43,9.85,4,3,1,1,1,1
-105,-105,-105,-50,-105,-47,-35,-105,-29,-50,-105,-105,-105,-105,-56,-105,-105,-105,-105,-55,-52,-49,-52,-105,-63,-105,-67,-105,-52,-52,-105,-43,-66,-105,-105,-81,-105,-71,-105,-105,-69,-105,-105,-63,-78,-105,22.63,11.05,4,3,1,1,1,1
-85,-105,-105,-57,-105,-37,-44,-105,-27,-51,-105,-105,-105,-105,-83,-105,-105,-105,-105,-81,-55,-87,-50,-105,-58,-89,-60,-105,-44,-49,-105,-37,-54,-105,-94,-93,-105,-66,-68,-85,-70,-93,-74,-65,-72,-54,22.63,9.85,4,3,1,1,1,1
-105,-60,-105,-40,-105,-105,-42,-105,-105,-105,-105,-105,-105,-105,-52,-105,-105,-105,-105,-105,-45,-105,-37,-105,-69,-74,-56,-105,-46,-63,-105,-42,-49,-105,-105,-105,-105,-61,-70,-68,-73,-105,-77,-65,-72,-66,23.83,11.05,4,3,1,1,1,1
-105,-60,-105,-40,-105,-105,-42,-105,-105,-105,-105,-105,-105,-105,-52,-105,-105,-105,-105,-105,-45,-105,-37,-105,-69,-74,-56,-105,-46,-63,-105,-42,-49,-105,-105,-105,-105,-61,-70,-68,-73,-105,-77,-65,-72,-66,23.83,9.85,4,3,1,1,1,1
-105,-96,-105,-38,-105,-105,-53,-105,-105,-43,-105,-105,-105,-105,-50,-105,-105,-102,-105,-105,-92,-101,-92,-105,-58,-97,-46,-105,-44,-56,-83,-39,-43,-105,-73,-69,-105,-52,-58,-68,-105,-77,-70,-55,-105,-57,25.03,11.05,4,3,1,1,1,1
-105,-105,-105,-39,-105,-105,-52,-105,-105,-43,-105,-105,-105,-105,-51,-105,-105,-105,-105,-105,-105,-105,-105,-105,-56,-105,-45,-105,-41,-55,-83,-38,-42,-105,-72,-68,-105,-51,-57,-66,-105,-76,-70,-53,-105,-57,25.03,9.85,4,3,1,1,1,1
-105,-105,-105,-40,-105,-105,-45,-105,-25,-105,-105,-105,-105,-105,-105,-105,-105,-53,-105,-52,-46,-105,-45,-105,-62,-76,-56,-105,-51,-48,-105,-33,-52,-105,-79,-71,-105,-61,-66,-74,-75,-105,-71,-65,-76,-61,26.23,11.05,4,3,1,1,1,1
-101,-105,-69,-47,-105,-64,-55,-105,-46,-65,-105,-102,-72,-105,-105,-105,-100,-88,-105,-52,-49,-101,-42,-105,-68,-70,-52,-104,-51,-54,-103,-46,-53,-105,-96,-90,-103,-63,-65,-74,-75,-105,-94,-68,-76,-57,26.23,9.85,4,3,1,1,1,1
-105,-105,-55,-47,-105,-44,-52,-105,-41,-46,-105,-62,-56,-105,-105,-105,-105,-62,-105,-50,-51,-52,-44,-105,-60,-59,-48,-83,-45,-50,-82,-40,-45,-105,-74,-58,-80,-54,-58,-105,-68,-105,-105,-63,-66,-57,27.43,11.05,4,3,1,1,1,1
-105,-54,-48,-43,-105,-105,-45,-105,-105,-48,-105,-105,-49,-105,-51,-105,-105,-105,-105,-105,-51,-105,-50,-105,-105,-62,-57,-105,-47,-71,-105,-56,-52,-105,-69,-60,-105,-70,-65,-105,-63,-105,-66,-66,-105,-66,27.43,9.85,4,3,1,1,1,1
-105,-77,-47,-51,-105,-69,-48,-105,-72,-44,-105,-85,-72,-105,-74,-105,-105,-105,-105,-105,-47,-105,-78,-105,-105,-62,-63,-105,-44,-68,-105,-54,-49,-105,-73,-56,-95,-64,-65,-86,-65,-105,-67,-59,-88,-72,28.63,11.05,4,3,1,1,1,1
-105,-105,-47,-59,-105,-32,-50,-105,-39,-38,-105,-54,-105,-105,-105,-105,-105,-105,-105,-105,-42,-105,-105,-105,-105,-65,-72,-105,-43,-66,-105,-52,-48,-105,-69,-52,-84,-57,-65,-67,-68,-105,-69,-53,-70,-79,28.63,9.85,4,3,1,1,1,1
-105,-105,-43,-44,-105,-52,-53,-105,-105,-105,-105,-105,-56,-105,-105,-105,-105,-105,-105,-105,-105,-56,-59,-105,-105,-69,-55,-105,-42,-67,-105,-62,-66,-105,-75,-55,-105,-70,-105,-72,-65,-105,-64,-65,-105,-65,28.63,8.05,4,3,1,1,1,1
-105,-105,-43,-44,-105,-52,-53,-105,-105,-105,-105,-105,-56,-105,-105,-105,-105,-105,-105,-105,-105,-56,-59,-105,-105,-69,-55,-105,-42,-67,-105,-62,-66,-105,-75,-55,-105,-70,-105,-72,-65,-105,-64,-65,-105,-65,29.83,11.05,4,3,1,1,1,1
-103,-105,-53,-105,-105,-42,-103,-105,-105,-49,-105,-105,-52,-105,-55,-105,-105,-57,-105,-51,-104,-54,-105,-105,-62,-50,-67,-83,-42,-58,-87,-47,-47,-105,-68,-55,-77,-62,-56,-63,-63,-70,-59,-59,-64,-75,29.83,9.85,4,3,1,1,1,1
-105,-97,-68,-86,-105,-64,-84,-105,-105,-51,-105,-90,-70,-105,-73,-105,-105,-73,-105,-70,-89,-53,-90,-105,-68,-55,-63,-90,-42,-62,-93,-52,-65,-105,-69,-60,-78,-78,-65,-63,-64,-71,-60,-60,-68,-73,29.83,8.05,4,3,1,1,1,1
-105,-66,-69,-61,-105,-58,-56,-105,-70,-47,-105,-88,-68,-105,-69,-105,-105,-105,-105,-105,-87,-87,-91,-105,-68,-60,-58,-105,-38,-63,-92,-54,-67,-105,-69,-60,-74,-74,-66,-59,-61,-67,-61,-61,-63,-77,31.03,11.05,4,3,1,1,1,1
-105,-52,-105,-105,-105,-105,-46,-105,-105,-105,-105,-105,-105,-105,-105,-105,-105,-105,-105,-105,-50,-105,-71,-105,-105,-61,-69,-105,-36,-55,-105,-51,-47,-105,-105,-66,-79,-69,-67,-62,-62,-70,-105,-66,-61,-105,31.03,9.85,4,3,1,1,1,1
-105,-52,-105,-105,-105,-105,-46,-105,-105,-105,-105,-105,-105,-105,-105,-105,-105,-105,-105,-105,-50,-105,-71,-105,-105,-61,-69,-105,-36,-55,-105,-51,-47,-105,-105,-66,-79,-69,-67,-62,-62,-70,-105,-66,-61,-105,31.03,8.05,4,3,1,1,1,1
-105,-59,-49,-105,-105,-33,-59,-105,-38,-41,-105,-105,-105,-105,-105,-105,-105,-105,-105,-105,-56,-52,-68,-105,-72,-63,-64,-105,-37,-105,-105,-62,-57,-105,-67,-61,-105,-56,-60,-66,-105,-105,-57,-64,-105,-76,32.23,11.05,4,3,1,1,1,1
-105,-105,-50,-61,-105,-36,-63,-105,-44,-39,-105,-105,-48,-105,-105,-105,-105,-54,-105,-105,-48,-105,-60,-105,-66,-61,-67,-105,-46,-59,-105,-61,-48,-105,-66,-64,-105,-67,-72,-105,-65,-66,-56,-60,-62,-78,32.23,9.85,4,3,1,1,1,1
-105,-105,-47,-82,-105,-105,-43,-105,-46,-49,-105,-78,-76,-105,-90,-105,-105,-105,-77,-77,-52,-51,-105,-105,-105,-54,-91,-105,-41,-50,-105,-76,-80,-105,-105,-75,-86,-84,-72,-67,-63,-60,-56,-58,-84,-92,32.23,8.05,4,3,1,1,1,1
-105,-105,-87,-87,-105,-38,-78,-105,-91,-105,-105,-84,-53,-105,-105,-105,-94,-82,-105,-105,-80,-81,-105,-105,-65,-53,-67,-99,-37,-56,-105,-48,-51,-105,-87,-56,-87,-77,-91,-62,-58,-86,-57,-58,-80,-74,33.43,11.05,4,3,1,1,1,1
-87,-56,-86,-79,-105,-84,-53,-105,-86,-84,-105,-105,-88,-105,-90,-105,-105,-105,-105,-86,-59,-105,-92,-105,-64,-90,-91,-98,-43,-61,-105,-52,-45,-105,-67,-60,-71,-56,-90,-62,-89,-79,-56,-78,-57,-78,33.43,9.85,4,3,1,1,1,1
-105,-105,-105,-85,-105,-33,-54,-105,-78,-60,-105,-84,-87,-105,-105,-105,-105,-84,-105,-105,-87,-52,-105,-105,-80,-59,-65,-105,-44,-59,-105,-58,-63,-105,-73,-56,-69,-93,-91,-65,-57,-70,-65,-62,-61,-92,33.43,8.05,4,3,1,1,1,1
-74,-76,-105,-82,-105,-44,-58,-105,-75,-42,-105,-84,-53,-105,-68,-105,-105,-105,-105,-78,-81,-78,-85,-105,-69,-56,-72,-105,-46,-64,-105,-60,-55,-105,-70,-63,-72,-63,-87,-65,-63,-73,-62,-63,-63,-92,34.63,11.05,4,3,1,1,1,1
-56,-81,-75,-105,-105,-39,-58,-105,-48,-37,-105,-105,-80,-85,-51,-105,-105,-80,-105,-79,-105,-78,-66,-105,-55,-83,-74,-92,-47,-64,-105,-58,-44,-105,-89,-63,-75,-58,-64,-67,-87,-72,-63,-66,-62,-90,34.63,9.85,4,3,1,1,1,1
-105,-105,-105,-57,-105,-45,-105,-105,-46,-52,-105,-105,-105,-105,-105,-105,-105,-105,-105,-52,-105,-54,-105,-105,-81,-58,-105,-105,-46,-56,-105,-57,-65,-105,-70,-66,-76,-79,-78,-69,-64,-73,-70,-71,-105,-82,34.63,8.05,4,3,1,1,1,1
-105,-105,-105,-57,-105,-45,-105,-105,-46,-52,-105,-105,-105,-105,-105,-105,-105,-105,-105,-52,-105,-54,-105,-105,-81,-58,-105,-105,-46,-56,-105,-57,-65,-105,-70,-66,-76,-79,-78,-69,-64,-73,-70,-71,-105,-82,35.83,11.05,4,3,1,1,1,1
-54,-105,-52,-105,-105,-105,-105,-105,-60,-39,-105,-105,-58,-105,-42,-54,-105,-105,-105,-105,-55,-55,-105,-105,-52,-56,-71,-105,-49,-60,-105,-53,-40,-105,-105,-54,-105,-53,-58,-72,-65,-105,-67,-68,-105,-73,35.83,9.85,4,3,1,1,1,1
-66,-105,-54,-95,-105,-89,-92,-105,-62,-47,-105,-94,-58,-105,-57,-66,-105,-99,-97,-96,-63,-53,-105,-105,-61,-65,-74,-105,-48,-59,-105,-56,-46,-105,-97,-55,-98,-59,-69,-73,-69,-98,-67,-67,-97,-80,35.83,8.05,4,3,1,1,1,1
-105,-105,-105,-105,-105,-33,-105,-105,-105,-28,-105,-105,-105,-105,-38,-105,-105,-105,-105,-105,-54,-48,-70,-105,-105,-70,-75,-105,-50,-66,-105,-51,-44,-105,-105,-60,-105,-63,-65,-105,-75,-105,-75,-74,-65,-105,37.03,11.05,4,3,1,1,1,1
-105,-105,-105,-105,-105,-33,-105,-105,-105,-28,-105,-105,-105,-105,-38,-105,-105,-105,-105,-105,-54,-48,-70,-105,-105,-70,-75,-105,-50,-66,-105,-51,-44,-105,-105,-60,-105,-63,-65,-105,-75,-105,-75,-74,-65,-105,37.03,9.85,4,3,1,1,1,1
-105,-51,-105,-55,-105,-105,-105,-105,-42,-38,-105,-105,-105,-105,-48,-49,-105,-105,-105,-105,-105,-49,-105,-105,-61,-70,-77,-105,-51,-55,-105,-56,-40,-105,-78,-62,-68,-64,-105,-105,-105,-105,-105,-105,-105,-76,38.23,11.05,4,3,1,1,1,1
-105,-56,-105,-80,-105,-71,-105,-105,-61,-35,-105,-96,-105,-105,-49,-55,-105,-105,-105,-105,-85,-53,-105,-105,-62,-80,-86,-105,-52,-61,-105,-58,-41,-105,-86,-71,-67,-61,-85,-105,-105,-98,-105,-105,-105,-91,38.23,9.85,4,3,1,1,1,1
-105,-62,-105,-105,-105,-36,-105,-105,-105,-30,-105,-61,-105,-105,-47,-53,-105,-105,-105,-105,-64,-56,-105,-105,-66,-77,-105,-105,-53,-66,-105,-64,-44,-105,-105,-80,-67,-66,-65,-105,-105,-80,-105,-105,-105,-105,39.43,11.05,4,3,1,1,1,1
-59,-93,-79,-105,-105,-87,-70,-105,-105,-26,-105,-96,-105,-105,-41,-55,-105,-105,-105,-105,-97,-53,-105,-105,-67,-82,-105,-105,-56,-65,-105,-63,-41,-105,-105,-98,-67,-65,-97,-105,-105,-82,-105,-85,-105,-105,39.43,9.85,4,3,1,1,1,1
-47,-105,-69,-105,-105,-105,-61,-105,-105,-25,-105,-105,-105,-105,-39,-56,-105,-105,-105,-105,-105,-48,-105,-105,-67,-81,-105,-105,-57,-65,-105,-63,-41,-105,-105,-105,-63,-64,-105,-105,-105,-80,-105,-78,-105,-105,40.63,11.05,4,3,1,1,1,1
-44,-54,-105,-79,-105,-105,-105,-105,-105,-34,-105,-105,-105,-56,-46,-105,-105,-105,-105,-105,-105,-105,-105,-105,-66,-105,-105,-105,-64,-63,-105,-60,-48,-105,-105,-105,-105,-57,-73,-105,-82,-105,-105,-76,-72,-105,40.63,9.85,4,3,1,1,1,1
-44,-54,-105,-79,-105,-105,-105,-105,-105,-34,-105,-105,-105,-56,-46,-105,-105,-105,-105,-105,-105,-105,-105,-105,-66,-105,-105,-105,-64,-63,-105,-60,-48,-105,-105,-105,-105,-57,-73,-105,-82,-105,-105,-76,-72,-105,41.83,11.05,4,3,1,1,1,1
-53,-64,-105,-105,-105,-105,-105,-105,-52,-38,-105,-105,-105,-105,-44,-105,-105,-105,-105,-58,-105,-42,-105,-105,-65,-105,-105,-105,-58,-71,-105,-105,-54,-105,-105,-105,-67,-64,-67,-105,-105,-105,-105,-105,-69,-105,41.83,9.85,4,3,1,1,1,1
-52,-87,-105,-105,-105,-99,-105,-105,-105,-39,-105,-105,-105,-103,-39,-58,-65,-105,-105,-105,-104,-46,-105,-105,-61,-87,-105,-105,-83,-70,-105,-66,-47,-105,-91,-105,-92,-56,-64,-105,-105,-77,-104,-104,-105,-105,43.03,11.05,4,3,1,1,1,1
-50,-105,-105,-105,-105,-105,-105,-105,-105,-36,-105,-105,-105,-105,-38,-55,-62,-105,-105,-105,-105,-45,-105,-105,-61,-86,-105,-105,-105,-72,-105,-66,-49,-105,-81,-105,-105,-59,-68,-105,-105,-76,-105,-105,-105,-105,43.03,9.85,4,3,1,1,1,1
-105,-59,-105,-105,-105,-105,-105,-105,-44,-42,-105,-105,-105,-105,-35,-56,-105,-105,-105,-105,-65,-45,-105,-105,-64,-105,-105,-105,-65,-71,-105,-67,-54,-105,-105,-105,-71,-62,-63,-105,-73,-105,-105,-105,-72,-105,44.23,11.05,4,3,1,1,1,1
-46,-105,-105,-105,-105,-34,-105,-105,-105,-37,-105,-105,-105,-105,-44,-105,-105,-105,-81,-105,-91,-44,-105,-105,-55,-82,-105,-105,-65,-66,-105,-75,-54,-105,-105,-92,-68,-52,-63,-77,-80,-105,-83,-87,-72,-105,44.23,9.85,4,3,1,1,1,1
-46,-105,-105,-105,-105,-34,-105,-105,-105,-37,-105,-105,-105,-105,-45,-105,-105,-105,-67,-105,-105,-46,-105,-105,-49,-82,-105,-105,-60,-65,-105,-61,-53,-105,-105,-84,-66,-48,-60,-77,-77,-105,-70,-77,-67,-105,45.43,11.05,4,3,1,1,1,1
-38,-57,-105,-105,-105,-105,-56,-105,-105,-42,-105,-105,-105,-105,-43,-60,-105,-105,-105,-105,-61,-105,-105,-105,-68,-105,-105,-105,-53,-60,-105,-105,-55,-105,-105,-105,-105,-59,-76,-105,-80,-81,-105,-76,-105,-105,45.43,9.85,4,3,1,1,1,1
-41,-105,-105,-105,-105,-105,-61,-105,-56,-105,-105,-105,-105,-105,-105,-105,-105,-105,-105,-105,-105,-49,-105,-105,-47,-82,-105,-77,-56,-55,-105,-61,-52,-105,-105,-105,-105,-45,-55,-105,-105,-79,-72,-105,-105,-105,46.63,11.05,4,3,1,1,1,1
-105,-62,-105,-105,-105,-105,-105,-105,-105,-40,-105,-105,-105,-105,-105,-105,-105,-105,-105,-105,-73,-105,-105,-105,-60,-105,-105,-77,-63,-71,-84,-61,-63,-105,-105,-105,-87,-52,-55,-105,-85,-105,-86,-82,-105,-105,46.63,9.85,4,3,1,1,1,1
-52,-54,-105,-105,-105,-105,-105,-105,-61,-50,-105,-105,-105,-105,-44,-63,-105,-105,-105,-105,-101,-69,-105,-105,-60,-105,-105,-85,-63,-70,-102,-65,-66,-105,-105,-105,-103,-51,-54,-105,-102,-90,-101,-100,-105,-105,47.83,11.05,4,3,1,1,1,1
-38,-57,-105,-105,-105,-105,-75,-105,-60,-54,-105,-105,-105,-105,-37,-90,-105,-105,-105,-77,-105,-92,-105,-105,-47,-105,-92,-99,-58,-95,-89,-63,-60,-105,-105,-105,-90,-44,-55,-89,-105,-99,-84,-85,-80,-105,47.83,9.85,4,3,1,1,1,1
-29,-60,-105,-105,-105,-105,-67,-105,-105,-48,-105,-105,-105,-105,-105,-61,-105,-105,-105,-105,-105,-105,-105,-105,-65,-105,-105,-105,-70,-77,-105,-66,-63,-105,-105,-105,-78,-52,-53,-105,-105,-105,-105,-105,-79,-105,49.03,11.05,4,3,1,1,1,1
-29,-60,-105,-105,-105,-105,-67,-105,-105,-48,-105,-105,-105,-105,-105,-61,-105,-105,-105,-105,-105,-105,-105,-105,-65,-105,-105,-105,-70,-77,-105,-66,-63,-105,-105,-105,-78,-52,-53,-105,-105,-105,-105,-105,-79,-105,49.03,9.85,4,3,1,1,1,1
-31,-105,-105,-105,-105,-64,-105,-105,-35,-49,-105,-105,-105,-105,-36,-100,-105,-105,-105,-104,-105,-70,-105,-105,-53,-105,-105,-105,-67,-71,-83,-68,-59,-105,-105,-105,-103,-48,-53,-105,-105,-105,-84,-103,-87,-105,50.23,11.05,4,3,1,2,2,1
-33,-100,-105,-105,-105,-86,-105,-104,-73,-53,-105,-105,-105,-105,-37,-81,-105,-105,-104,-105,-105,-90,-105,-105,-48,-105,-105,-105,-65,-68,-82,-69,-59,-105,-105,-104,-104,-44,-58,-105,-104,-105,-85,-94,-80,-105,50.23,9.85,4,3,1,2,2,1
-35,-56,-105,-105,-105,-59,-105,-71,-56,-105,-105,-105,-105,-105,-105,-66,-105,-105,-82,-105,-105,-62,-105,-105,-47,-105,-105,-105,-60,-68,-105,-105,-58,-105,-105,-105,-105,-44,-55,-105,-88,-105,-89,-88,-83,-105,51.43,11.05,4,3,1,2,2,1
-40,-40,-104,-105,-105,-75,-104,-104,-100,-56,-105,-104,-105,-105,-32,-59,-105,-105,-93,-105,-105,-104,-105,-105,-45,-105,-105,-105,-63,-69,-82,-70,-64,-105,-105,-105,-103,-45,-62,-105,-99,-105,-87,-98,-91,-105,51.43,9.85,4,3,1,2,2,1
-41,-40,-105,-105,-105,-105,-105,-105,-105,-55,-105,-105,-105,-105,-29,-60,-105,-105,-105,-105,-105,-105,-105,-105,-43,-105,-105,-105,-62,-68,-81,-69,-62,-105,-105,-105,-105,-44,-62,-105,-89,-105,-89,-90,-105,-105,52.63,11.05,4,3,1,2,2,1
-39,-105,-105,-105,-105,-51,-105,-74,-58,-23,-105,-105,-105,-105,-27,-105,-105,-105,-105,-105,-105,-105,-105,-105,-42,-105,-105,-105,-105,-69,-105,-66,-65,-105,-105,-105,-81,-46,-56,-105,-105,-105,-105,-87,-81,-105,52.63,9.85,4,3,1,2,2,1
-34,-50,-105,-105,-105,-105,-63,-105,-105,-51,-105,-105,-105,-105,-35,-53,-105,-105,-105,-105,-105,-105,-105,-105,-51,-105,-105,-105,-105,-105,-105,-72,-60,-105,-105,-105,-105,-44,-49,-105,-105,-105,-89,-89,-105,-105,53.83,11.05,4,3,1,2,2,1
-103,-40,-105,-105,-105,-60,-105,-105,-105,-51,-105,-105,-105,-105,-25,-103,-105,-105,-105,-105,-105,-105,-105,-105,-44,-105,-105,-105,-57,-71,-105,-67,-62,-105,-105,-105,-85,-40,-103,-105,-90,-105,-89,-85,-83,-105,53.83,9.85,4,3,1,2,2,1
-105,-38,-105,-105,-105,-58,-105,-105,-105,-51,-105,-105,-105,-105,-25,-105,-105,-105,-105,-105,-105,-105,-105,-105,-44,-105,-105,-105,-57,-71,-105,-67,-62,-105,-105,-105,-85,-40,-105,-105,-89,-105,-89,-84,-83,-105,53.83,8.65,4,3,1,2,2,1
-38,-105,-105,-105,-105,-105,-105,-105,-105,-105,-105,-105,-105,-74,-105,-105,-105,-105,-105,-105,-105,-105,-105,-105,-75,-105,-105,-105,-74,-105,-105,-105,-75,-105,-105,-105,-81,-70,-105,-105,-105,-105,-105,-105,-105,-105,53.83,7.45,4,3,1,2,2,1
-57,-74,-105,-105,-105,-105,-105,-105,-105,-92,-105,-105,-105,-92,-87,-75,-105,-105,-105,-105,-105,-105,-105,-105,-63,-105,-105,-105,-92,-97,-92,-85,-69,-105,-105,-105,-95,-55,-74,-105,-105,-105,-104,-105,-93,-105,55.03,11.05,4,3,1,2,2,1
-44,-47,-105,-105,-105,-105,-105,-105,-105,-55,-105,-105,-105,-105,-37,-49,-105,-105,-105,-105,-105,-105,-105,-105,-105,-105,-105,-105,-105,-75,-82,-70,-62,-105,-105,-105,-105,-43,-51,-105,-105,-105,-89,-105,-83,-105,55.03,9.85,4,3,1,2,2,1
-39,-48,-105,-105,-105,-103,-63,-105,-104,-89,-105,-105,-105,-104,-91,-53,-105,-89,-105,-105,-105,-105,-105,-105,-47,-105,-105,-84,-65,-105,-81,-66,-61,-105,-105,-105,-105,-40,-51,-105,-105,-105,-102,-88,-88,-105,56.23,11.05,4,3,1,2,2,1
-42,-105,-105,-105,-105,-51,-105,-105,-105,-105,-105,-105,-105,-105,-24,-50,-105,-105,-105,-105,-105,-105,-105,-105,-45,-105,-105,-78,-60,-68,-79,-105,-65,-105,-105,-105,-105,-42,-51,-105,-105,-105,-88,-105,-87,-105,56.23,9.85,4,3,1,2,2,1
-48,-79,-105,-105,-105,-67,-105,-64,-105,-34,-91,-105,-105,-105,-39,-81,-105,-105,-105,-105,-105,-105,-105,-105,-54,-105,-105,-96,-91,-69,-90,-67,-63,-105,-105,-105,-105,-41,-46,-105,-105,-105,-98,-88,-105,-105,58.03,11.05,4,3,1,2,2,1
-48,-46,-105,-105,-105,-60,-105,-105,-105,-53,-66,-105,-105,-105,-40,-49,-105,-105,-105,-105,-105,-105,-105,-105,-50,-105,-105,-81,-66,-70,-105,-64,-64,-105,-105,-105,-105,-39,-46,-105,-105,-105,-88,-86,-105,-105,58.03,9.85,4,3,1,2,2,1
-105,-37,-105,-105,-105,-105,-105,-105,-62,-105,-105,-105,-105,-105,-26,-49,-105,-105,-105,-105,-105,-105,-105,-105,-41,-105,-105,-105,-105,-105,-105,-68,-105,-105,-105,-105,-105,-36,-105,-105,-105,-105,-105,-105,-86,-105,58.03,8.65,4,3,1,2,2,1
-105,-37,-105,-105,-105,-105,-105,-105,-62,-105,-105,-105,-105,-105,-26,-49,-105,-105,-105,-105,-105,-105,-105,-105,-41,-105,-105,-105,-105,-105,-105,-68,-105,-105,-105,-105,-105,-36,-105,-105,-105,-105,-105,-105,-86,-105,58.03,7.45,4,3,1,2,2,1
-50,-44,-105,-105,-105,-56,-105,-105,-105,-105,-105,-105,-105,-105,-37,-45,-105,-105,-105,-105,-105,-105,-105,-105,-43,-105,-105,-105,-64,-72,-77,-63,-63,-105,-105,-105,-105,-40,-45,-105,-105,-105,-105,-88,-105,-105,59.83,11.05,4,3,1,2,2,1
-48,-68,-105,-105,-105,-76,-105,-105,-105,-105,-105,-105,-105,-105,-39,-34,-105,-105,-105,-105,-105,-105,-105,-105,-42,-105,-99,-93,-66,-87,-76,-65,-63,-105,-105,-105,-105,-43,-46,-105,-105,-105,-105,-87,-105,-105,59.83,9.85,4,3,1,2,2,1
-45,-105,-105,-105,-105,-105,-105,-105,-105,-105,-105,-105,-105,-105,-42,-17,-105,-105,-105,-105,-105,-105,-105,-105,-40,-105,-91,-75,-63,-105,-74,-67,-64,-105,-105,-105,-105,-47,-47,-105,-105,-105,-105,-87,-105,-105,61.03,11.05,4,3,1,2,2,1
-44,-105,-105,-105,-105,-56,-105,-105,-63,-57,-105,-105,-105,-105,-40,-40,-105,-105,-105,-105,-105,-105,-105,-105,-105,-105,-105,-73,-67,-72,-75,-66,-65,-105,-105,-105,-105,-50,-48,-105,-105,-105,-88,-87,-86,-105,61.03,9.85,4,3,1,2,2,1
-49,-94,-105,-105,-105,-64,-105,-105,-70,-62,-105,-105,-105,-105,-40,-45,-105,-105,-105,-105,-105,-105,-105,-105,-95,-105,-105,-73,-67,-71,-77,-66,-65,-105,-105,-105,-105,-56,-48,-105,-105,-105,-91,-90,-87,-105,62.23,11.05,4,3,1,2,2,1
-57,-38,-105,-105,-105,-105,-105,-105,-105,-105,-105,-105,-105,-105,-37,-43,-105,-105,-105,-105,-105,-105,-105,-105,-42,-105,-105,-73,-66,-68,-76,-65,-65,-105,-105,-105,-105,-105,-45,-105,-105,-105,-105,-105,-87,-105,62.23,9.85,4,3,1,2,2,1
-56,-39,-105,-105,-105,-105,-105,-57,-105,-57,-105,-105,-105,-105,-42,-105,-105,-105,-105,-105,-105,-105,-105,-105,-45,-105,-105,-74,-66,-62,-74,-70,-65,-105,-105,-105,-105,-52,-42,-105,-105,-105,-105,-105,-105,-105,63.43,11.05,4,3,1,2,2,1
-50,-105,-105,-105,-105,-105,-105,-105,-105,-105,-54,-105,-105,-105,-46,-45,-105,-105,-105,-105,-105,-105,-105,-105,-47,-105,-105,-70,-69,-61,-105,-105,-67,-105,-105,-105,-105,-53,-47,-105,-105,-105,-105,-87,-88,-105,63.43,9.85,4,3,1,2,2,1
-56,-105,-105,-105,-62,-61,-105,-105,-63,-105,-105,-105,-105,-105,-41,-39,-105,-105,-105,-105,-105,-105,-105,-105,-38,-105,-105,-105,-65,-63,-70,-69,-66,-105,-105,-105,-105,-49,-42,-105,-105,-105,-105,-88,-85,-105,64.63,11.05,4,3,1,2,2,1
-56,-105,-105,-105,-62,-61,-105,-105,-63,-105,-105,-105,-105,-105,-41,-39,-105,-105,-105,-105,-105,-105,-105,-105,-38,-105,-105,-105,-65,-63,-70,-69,-66,-105,-105,-105,-105,-49,-42,-105,-105,-105,-105,-88,-85,-105,64.63,9.85,4,3,1,2,2,1
-105,-35,-105,-105,-105,-60,-69,-105,-105,-59,-52,-105,-105,-105,-42,-105,-105,-105,-105,-105,-105,-105,-105,-105,-42,-105,-105,-105,-60,-69,-69,-65,-65,-75,-105,-105,-105,-55,-46,-105,-105,-105,-105,-105,-105,-105,65.83,11.05,4,3,1,2,2,1
-105,-33,-105,-105,-105,-57,-70,-77,-105,-81,-55,-105,-105,-105,-42,-105,-105,-105,-105,-105,-105,-105,-105,-105,-42,-105,-105,-85,-56,-86,-70,-66,-64,-88,-105,-105,-105,-57,-48,-105,-105,-105,-105,-97,-105,-105,65.83,9.85,4,3,1,2,2,1
-105,-32,-105,-105,-105,-59,-65,-52,-105,-105,-58,-105,-105,-105,-42,-105,-105,-105,-105,-105,-105,-105,-105,-105,-42,-105,-105,-67,-52,-105,-72,-67,-63,-105,-105,-105,-105,-58,-50,-105,-105,-105,-105,-87,-105,-105,67.03,11.05,4,3,1,2,2,1
-49,-25,-105,-105,-105,-105,-105,-59,-105,-105,-59,-105,-105,-105,-50,-33,-105,-105,-105,-105,-105,-105,-105,-105,-30,-105,-91,-66,-59,-67,-64,-67,-68,-105,-105,-105,-105,-59,-46,-105,-105,-105,-105,-90,-105,-105,67.03,9.85,4,3,1,2,2,1
-49,-25,-105,-105,-105,-105,-105,-59,-105,-105,-59,-105,-105,-105,-50,-33,-105,-105,-105,-105,-105,-105,-105,-105,-30,-105,-91,-66,-59,-67,-64,-67,-68,-105,-105,-105,-105,-59,-46,-105,-105,-105,-105,-90,-105,-105,68.23,11.05,4,3,1,2,2,1
-105,-27,-105,-105,-58,-68,-66,-105,-31,-56,-33,-105,-105,-105,-53,-36,-105,-105,-105,-105,-105,-105,-105,-105,-41,-105,-105,-68,-63,-72,-63,-67,-65,-57,-105,-105,-105,-57,-41,-105,-105,-105,-105,-105,-88,-105,68.23,9.85,4,3,1,2,2,1
-40,-93,-105,-105,-105,-105,-105,-105,-105,-99,-51,-105,-105,-105,-61,-42,-105,-105,-105,-105,-105,-87,-105,-105,-41,-105,-105,-61,-66,-70,-65,-73,-65,-69,-105,-105,-105,-99,-43,-105,-105,-105,-105,-105,-90,-105,69.43,11.05,4,3,1,2,2,1
-28,-105,-105,-105,-105,-105,-105,-105,-105,-105,-51,-105,-105,-105,-58,-41,-105,-105,-105,-105,-105,-81,-105,-105,-41,-105,-105,-60,-65,-70,-64,-71,-62,-105,-105,-105,-105,-105,-42,-105,-105,-105,-105,-105,-88,-105,69.43,9.85,4,3,1,2,2,1
-57,-24,-105,-105,-57,-105,-105,-55,-105,-105,-105,-105,-105,-105,-105,-39,-105,-105,-105,-105,-105,-105,-105,-105,-39,-105,-105,-105,-72,-105,-67,-105,-72,-105,-105,-105,-105,-57,-43,-105,-105,-105,-105,-105,-105,-105,70.63,11.05,4,3,1,2,2,1
-59,-24,-105,-105,-57,-105,-105,-55,-105,-105,-104,-105,-105,-105,-105,-41,-105,-105,-105,-105,-105,-105,-105,-105,-39,-105,-105,-103,-72,-105,-67,-104,-72,-105,-105,-105,-105,-57,-43,-105,-105,-105,-105,-104,-105,-105,70.63,9.85,4,3,1,2,2,1
-56,-28,-105,-105,-57,-105,-105,-105,-105,-64,-60,-105,-105,-105,-56,-31,-105,-105,-105,-105,-105,-105,-105,-105,-41,-105,-105,-54,-66,-72,-53,-64,-68,-105,-105,-105,-105,-64,-41,-105,-105,-105,-105,-86,-105,-105,71.83,11.05,4,3,1,2,2,1
-95,-34,-105,-105,-44,-105,-71,-58,-105,-97,-66,-105,-105,-105,-64,-31,-105,-105,-105,-105,-105,-105,-105,-105,-41,-105,-94,-50,-64,-67,-57,-68,-97,-105,-105,-105,-105,-60,-37,-105,-105,-105,-93,-89,-89,-105,71.83,9.85,4,3,1,2,2,1
-105,-35,-105,-105,-42,-105,-62,-51,-105,-105,-64,-105,-105,-105,-62,-31,-105,-105,-105,-105,-105,-105,-105,-105,-41,-105,-91,-49,-64,-66,-58,-69,-105,-105,-105,-105,-105,-59,-36,-105,-105,-105,-90,-89,-85,-105,73.63,11.05,4,3,1,2,2,1
-47,-49,-105,-105,-45,-105,-105,-45,-62,-61,-30,-105,-105,-105,-62,-31,-105,-105,-105,-105,-85,-105,-105,-105,-47,-105,-105,-51,-65,-64,-52,-68,-63,-105,-105,-105,-105,-56,-38,-105,-105,-105,-105,-89,-105,-105,73.63,9.85,4,3,1,2,2,1
-55,-49,-105,-105,-46,-105,-105,-45,-62,-67,-40,-105,-105,-105,-62,-32,-105,-105,-105,-105,-88,-105,-105,-105,-48,-105,-105,-51,-66,-69,-51,-68,-64,-105,-105,-105,-105,-55,-38,-105,-105,-105,-105,-89,-105,-105,74.83,11.05,4,3,1,2,2,1
-58,-55,-105,-105,-44,-102,-105,-43,-64,-102,-75,-105,-105,-105,-59,-42,-105,-105,-105,-105,-83,-105,-105,-105,-51,-105,-105,-101,-66,-69,-53,-71,-103,-105,-105,-105,-105,-62,-47,-105,-105,-105,-105,-91,-104,-105,74.83,9.85,4,3,1,2,2,1
-57,-57,-105,-105,-35,-105,-105,-41,-102,-67,-68,-105,-105,-105,-65,-37,-105,-105,-105,-105,-105,-105,-105,-105,-53,-105,-105,-52,-62,-70,-46,-65,-65,-105,-105,-105,-105,-55,-46,-105,-105,-105,-94,-87,-105,-105,76.03,11.05,4,3,1,2,2,1
-57,-48,-105,-105,-34,-97,-100,-40,-99,-59,-68,-105,-105,-105,-57,-36,-105,-105,-105,-105,-105,-105,-105,-105,-53,-105,-105,-52,-62,-69,-46,-66,-65,-105,-105,-105,-105,-56,-46,-105,-105,-105,-93,-87,-105,-105,76.03,9.85,4,3,1,2,2,1
-54,-46,-105,-105,-105,-58,-72,-40,-66,-61,-68,-105,-105,-105,-54,-40,-105,-105,-105,-105,-105,-105,-105,-105,-51,-105,-105,-53,-65,-73,-105,-67,-105,-105,-105,-105,-105,-105,-105,-105,-105,-105,-105,-105,-105,-105,77.23,11.05,4,3,1,2,2,1
-50,-64,-105,-105,-50,-102,-72,-47,-76,-99,-80,-105,-105,-105,-69,-43,-105,-105,-105,-105,-105,-105,-105,-105,-63,-105,-105,-68,-64,-65,-60,-62,-70,-105,-105,-105,-105,-71,-48,-105,-105,-105,-105,-89,-105,-105,77.23,9.85,4,3,1,2,2,1
-65,-56,-105,-105,-51,-105,-105,-52,-99,-58,-72,-105,-105,-105,-64,-37,-105,-105,-105,-105,-86,-105,-105,-105,-54,-105,-105,-51,-64,-69,-57,-61,-68,-105,-105,-105,-105,-56,-44,-105,-105,-105,-105,-88,-86,-105,78.43,11.05,4,3,1,2,2,1
-57,-57,-105,-105,-105,-105,-105,-49,-105,-58,-68,-105,-105,-105,-59,-36,-105,-105,-105,-105,-82,-105,-105,-105,-54,-105,-105,-51,-64,-69,-58,-60,-69,-105,-105,-105,-105,-56,-43,-105,-105,-105,-105,-88,-86,-105,78.43,9.85,4,3,1,2,2,1
-105,-105,-105,-105,-105,-105,-105,-50,-105,-62,-72,-105,-105,-105,-65,-47,-105,-105,-105,-105,-105,-105,-105,-105,-52,-105,-105,-64,-65,-72,-60,-71,-65,-105,-105,-105,-105,-54,-42,-105,-105,-105,-105,-91,-89,-105,79.63,11.05,4,3,1,2,2,1
-105,-105,-105,-105,-105,-105,-105,-50,-105,-62,-72,-105,-105,-105,-65,-47,-105,-105,-105,-105,-105,-105,-105,-105,-52,-105,-105,-64,-65,-72,-60,-71,-65,-105,-105,-105,-105,-54,-42,-105,-105,-105,-105,-91,-89,-105,79.63,9.85,4,3,1,2,2,1
-105,-55,-105,-105,-53,-105,-105,-43,-105,-70,-105,-105,-105,-105,-62,-43,-105,-105,-105,-105,-105,-105,-105,-105,-57,-105,-105,-53,-71,-76,-48,-105,-71,-77,-105,-105,-105,-67,-46,-105,-105,-105,-105,-105,-105,-105,73.63,12.25,4,3,1,2,2,1
-66,-105,-105,-105,-45,-105,-105,-40,-105,-105,-105,-105,-105,-105,-64,-41,-105,-105,-105,-105,-105,-105,-105,-105,-54,-105,-105,-48,-74,-71,-46,-105,-69,-80,-105,-105,-105,-60,-42,-105,-105,-105,-105,-105,-105,-105,74.83,12.25,4,3,1,2,2,1
-105,-58,-105,-105,-42,-71,-105,-44,-75,-105,-105,-105,-105,-105,-62,-42,-105,-105,-105,-105,-105,-105,-105,-105,-55,-105,-105,-50,-70,-72,-48,-105,-72,-105,-105,-105,-105,-54,-42,-105,-105,-105,-105,-105,-90,-105,76.03,12.25,4,3,1,2,2,1
-65,-60,-105,-105,-41,-105,-105,-39,-77,-71,-70,-105,-105,-105,-100,-45,-105,-105,-105,-105,-105,-105,-105,-105,-55,-105,-105,-47,-72,-78,-51,-71,-73,-105,-105,-105,-105,-67,-43,-105,-105,-105,-105,-103,-105,-105,77.23,12.25,4,3,1,2,2,1
-60,-105,-105,-105,-44,-105,-105,-39,-105,-105,-66,-105,-105,-105,-59,-11,-105,-105,-105,-105,-105,-105,-105,-105,-56,-105,-105,-51,-74,-80,-48,-74,-66,-105,-105,-105,-105,-55,-41,-105,-105,-105,-105,-88,-105,-105,78.43,12.25,4,3,1,2,2,1
-101,-57,-105,-105,-45,-105,-105,-40,-105,-105,-71,-105,-105,-105,-68,-35,-105,-105,-105,-105,-105,-105,-105,-105,-63,-105,-105,-45,-77,-103,-47,-103,-102,-103,-105,-105,-105,-70,-52,-105,-105,-105,-105,-105,-105,-105,73.63,13.45,4,3,1,2,2,1
-70,-55,-105,-105,-45,-105,-105,-40,-105,-105,-66,-105,-105,-105,-62,-38,-105,-105,-105,-105,-105,-105,-105,-105,-94,-105,-105,-51,-78,-105,-48,-85,-79,-105,-105,-105,-105,-67,-47,-105,-105,-105,-105,-105,-105,-105,74.83,13.45,4,3,1,2,2,1
-70,-63,-105,-105,-37,-105,-105,-39,-105,-71,-67,-105,-105,-105,-72,-50,-105,-105,-105,-105,-105,-105,-105,-105,-62,-105,-105,-54,-72,-83,-51,-80,-105,-105,-105,-105,-105,-66,-51,-105,-105,-105,-105,-105,-105,-105,76.03,13.45,4,3,1,2,2,1
-105,-57,-105,-105,-41,-105,-105,-38,-105,-105,-105,-105,-105,-105,-105,-39,-105,-105,-105,-105,-105,-105,-105,-105,-62,-105,-105,-54,-76,-83,-44,-84,-74,-105,-105,-105,-105,-64,-50,-105,-105,-105,-105,-105,-90,-105,77.23,13.45,4,3,1,2,2,1
-105,-56,-105,-105,-40,-105,-105,-39,-105,-105,-105,-105,-105,-105,-105,-105,-105,-105,-105,-105,-85,-105,-105,-105,-58,-105,-105,-54,-74,-105,-53,-79,-72,-105,-105,-105,-105,-58,-51,-105,-105,-105,-105,-88,-105,-105,78.43,13.45,4,3,1,2,2,1
-105,-23,-105,-105,-105,-105,-105,-41,-105,-105,-83,-105,-105,-105,-105,-41,-105,-105,-105,-105,-105,-105,-105,-105,-64,-105,-105,-45,-105,-105,-44,-77,-105,-79,-105,-105,-105,-62,-50,-105,-105,-105,-105,-105,-105,-105,73.63,14.65,4,3,1,2,2,1
-105,-94,-105,-105,-49,-105,-105,-42,-105,-105,-100,-105,-105,-105,-72,-47,-105,-105,-105,-105,-105,-105,-105,-105,-61,-105,-105,-93,-72,-79,-47,-82,-72,-105,-105,-105,-105,-65,-48,-105,-105,-105,-105,-105,-105,-105,74.83,14.65,4,3,1,2,2,1
-85,-54,-105,-105,-45,-105,-105,-39,-105,-105,-87,-105,-105,-105,-89,-78,-105,-105,-105,-105,-105,-105,-105,-105,-56,-105,-105,-45,-73,-81,-49,-105,-79,-105,-105,-105,-105,-67,-47,-105,-105,-105,-105,-105,-105,-105,76.03,14.65,4,3,1,2,2,1
-85,-50,-105,-105,-42,-105,-105,-41,-105,-91,-88,-105,-105,-105,-91,-77,-105,-105,-105,-105,-105,-105,-105,-105,-57,-105,-105,-49,-78,-85,-44,-95,-81,-105,-105,-105,-105,-69,-44,-105,-105,-105,-105,-105,-105,-105,77.23,14.65,4,3,1,2,2,1
-75,-93,-105,-105,-38,-105,-105,-48,-105,-83,-72,-105,-105,-105,-100,-52,-105,-105,-105,-105,-105,-105,-105,-105,-65,-105,-105,-51,-87,-88,-44,-88,-101,-105,-105,-105,-105,-74,-49,-105,-105,-105,-105,-105,-105,-105,78.43,14.65,4,3,1,2,2,1
-68,-54,-105,-105,-41,-105,-105,-36,-105,-105,-105,-105,-105,-105,-73,-42,-105,-105,-105,-105,-105,-105,-105,-105,-63,-105,-105,-44,-81,-81,-47,-82,-78,-105,-105,-105,-105,-71,-46,-105,-105,-105,-105,-105,-105,-105,73.63,15.85,4,3,1,2,2,1
-105,-105,-105,-105,-40,-105,-84,-36,-80,-66,-105,-105,-105,-105,-105,-42,-105,-105,-105,-105,-105,-105,-105,-105,-65,-105,-105,-43,-105,-83,-44,-105,-81,-105,-105,-105,-105,-69,-44,-105,-105,-105,-105,-105,-105,-105,74.83,15.85,4,3,1,2,2,1
-97,-94,-105,-105,-88,-105,-105,-89,-100,-73,-97,-105,-105,-105,-76,-91,-105,-105,-105,-105,-105,-105,-105,-105,-57,-105,-105,-49,-75,-86,-91,-100,-79,-105,-105,-105,-105,-80,-91,-105,-105,-105,-105,-105,-105,-105,76.03,15.85,4,3,1,2,2,1
-71,-57,-105,-105,-32,-105,-105,-35,-83,-47,-70,-105,-105,-105,-80,-45,-105,-105,-105,-105,-105,-105,-105,-105,-62,-105,-105,-49,-82,-83,-43,-85,-86,-105,-105,-105,-105,-105,-44,-105,-105,-105,-105,-105,-105,-105,77.23,15.85,4,3,1,2,2,1
-105,-56,-105,-105,-69,-87,-105,-44,-105,-105,-86,-105,-105,-105,-90,-76,-105,-105,-105,-105,-105,-105,-105,-105,-59,-105,-105,-46,-84,-87,-47,-95,-94,-105,-105,-105,-105,-74,-50,-105,-105,-105,-105,-105,-105,-105,78.43,15.85,4,3,1,2,2,1
-84,-67,-105,-105,-84,-78,-105,-41,-105,-105,-96,-105,-105,-105,-105,-88,-105,-105,-105,-105,-105,-105,-105,-105,-56,-105,-105,-44,-80,-91,-44,-84,-87,-105,-105,-105,-105,-77,-52,-105,-105,-105,-105,-105,-105,-105,73.63,17.05,4,3,1,2,2,1
-98,-63,-105,-105,-34,-105,-105,-33,-105,-85,-72,-105,-105,-105,-69,-46,-105,-105,-105,-105,-105,-105,-105,-105,-64,-105,-105,-41,-81,-88,-47,-103,-105,-105,-105,-105,-105,-73,-47,-105,-105,-105,-105,-105,-105,-105,74.83,17.05,4,3,1,2,2,1
-105,-91,-105,-105,-79,-105,-105,-41,-105,-98,-90,-105,-105,-105,-91,-84,-105,-105,-105,-105,-105,-105,-105,-105,-64,-105,-105,-40,-84,-85,-47,-90,-91,-105,-105,-105,-105,-74,-48,-105,-105,-105,-105,-105,-105,-105,76.03,17.05,4,3,1,2,2,1
-105,-55,-105,-105,-105,-105,-105,-51,-105,-105,-67,-105,-105,-105,-72,-48,-105,-105,-105,-105,-105,-105,-105,-105,-61,-105,-105,-44,-80,-105,-53,-105,-83,-105,-105,-105,-105,-75,-50,-105,-105,-105,-105,-105,-105,-105,77.23,17.05,4,3,1,2,2,1
-105,-55,-105,-105,-41,-105,-105,-51,-105,-105,-67,-105,-105,-105,-72,-48,-105,-105,-105,-105,-105,-105,-105,-105,-61,-105,-105,-44,-80,-105,-53,-105,-83,-105,-105,-105,-105,-75,-50,-105,-105,-105,-105,-105,-105,-105,78.43,17.05,4,3,1,2,2,1
-105,-59,-105,-105,-32,-105,-84,-36,-105,-105,-105,-105,-105,-105,-105,-49,-105,-105,-105,-105,-105,-105,-105,-105,-65,-105,-105,-39,-77,-105,-44,-105,-88,-86,-105,-105,-105,-76,-52,-105,-105,-105,-105,-105,-105,-105,73.63,18.25,4,3,1,2,2,1
-105,-59,-105,-105,-32,-105,-86,-36,-105,-105,-105,-105,-105,-105,-105,-50,-105,-105,-105,-105,-105,-105,-105,-105,-65,-105,-105,-39,-78,-104,-44,-105,-88,-86,-105,-105,-105,-76,-52,-105,-105,-105,-105,-105,-105,-105,74.83,18.25,4,3,1,2,2,1
-72,-57,-105,-105,-29,-105,-105,-42,-105,-105,-105,-105,-105,-105,-69,-56,-105,-105,-105,-105,-105,-105,-105,-105,-66,-105,-105,-38,-84,-88,-47,-105,-86,-105,-105,-105,-105,-74,-55,-105,-105,-105,-105,-105,-105,-105,76.03,18.25,4,3,1,2,2,1
-74,-59,-105,-105,-29,-105,-105,-71,-105,-105,-105,-105,-105,-105,-71,-50,-105,-105,-105,-105,-105,-105,-105,-105,-65,-105,-105,-39,-85,-89,-49,-98,-95,-105,-105,-105,-105,-88,-53,-105,-105,-105,-105,-105,-105,-105,77.23,18.25,4,3,1,2,2,1
-91,-62,-105,-105,-35,-105,-92,-50,-105,-105,-105,-105,-105,-105,-104,-46,-105,-105,-105,-105,-105,-105,-105,-105,-63,-105,-105,-42,-86,-96,-58,-97,-105,-105,-105,-105,-105,-105,-77,-105,-105,-105,-105,-105,-105,-105,78.43,18.25,4,3,1,2,2,1
-105,-62,-105,-105,-37,-105,-105,-48,-82,-105,-105,-105,-105,-105,-105,-45,-105,-105,-105,-105,-105,-105,-105,-105,-64,-105,-105,-43,-84,-105,-105,-105,-105,-105,-105,-105,-105,-105,-57,-105,-105,-105,-105,-105,-105,-105,73.63,19.45,4,3,1,2,2,1
-105,-31,-105,-105,-76,-105,-105,-45,-105,-105,-105,-105,-105,-105,-105,-53,-105,-105,-105,-105,-105,-105,-105,-105,-61,-105,-105,-38,-86,-105,-105,-87,-88,-105,-105,-105,-105,-84,-53,-105,-105,-105,-105,-105,-105,-105,74.83,19.45,4,3,1,2,2,1
-105,-31,-105,-105,-105,-105,-105,-46,-105,-105,-105,-105,-105,-105,-105,-55,-105,-105,-105,-105,-105,-105,-105,-105,-61,-105,-105,-37,-88,-105,-105,-87,-88,-105,-105,-105,-105,-84,-53,-105,-105,-105,-105,-105,-105,-105,76.03,19.45,4,3,1,2,2,1
-105,-57,-105,-105,-33,-105,-105,-49,-105,-105,-104,-105,-105,-105,-105,-44,-105,-105,-105,-105,-105,-105,-105,-105,-67,-105,-105,-42,-87,-105,-51,-105,-87,-105,-105,-105,-105,-85,-54,-105,-105,-105,-105,-105,-105,-105,77.23,19.45,4,3,1,2,2,1
-105,-57,-105,-105,-33,-105,-105,-50,-105,-105,-105,-105,-105,-105,-105,-45,-105,-105,-105,-105,-105,-105,-105,-105,-66,-105,-105,-42,-87,-105,-51,-105,-105,-105,-105,-105,-105,-80,-54,-105,-105,-105,-105,-105,-105,-105,78.43,19.45,4,3,1,2,2,1
-105,-105,-77,-77,-105,-72,-105,-105,-105,-105,-105,-33,-105,-61,-105,-105,-42,-105,-37,-45,-46,-55,-99,-105,-105,-105,-87,-105,-77,-105,-105,-81,-88,-105,-48,-83,-73,-105,-105,-44,-105,-105,-52,-45,-42,-84,29.73,30.08,4,3,2,3,1,1
-105,-105,-105,-64,-105,-105,-105,-105,-70,-105,-105,-41,-105,-55,-105,-105,-40,-41,-36,-45,-105,-48,-71,-105,-105,-82,-76,-105,-73,-105,-105,-77,-85,-105,-37,-83,-70,-105,-105,-38,-42,-39,-45,-50,-47,-77,30.93,30.08,4,3,2,3,1,1
-105,-105,-105,-75,-105,-59,-105,-105,-105,-105,-105,-30,-105,-56,-105,-105,-39,-40,-35,-46,-105,-51,-69,-105,-105,-105,-79,-105,-74,-105,-105,-79,-83,-105,-42,-105,-67,-105,-105,-39,-41,-32,-53,-52,-53,-82,32.13,30.08,4,3,2,3,1,1
-105,-105,-105,-105,-105,-60,-105,-105,-105,-105,-105,-42,-105,-51,-105,-105,-33,-105,-45,-41,-39,-105,-105,-105,-105,-105,-82,-105,-75,-105,-105,-105,-105,-105,-38,-105,-72,-105,-105,-42,-105,-32,-56,-54,-55,-83,33.33,30.08,4,3,2,3,1,1
-105,-105,-62,-105,-105,-50,-105,-105,-105,-105,-105,-35,-105,-53,-105,-105,-28,-105,-52,-45,-46,-56,-60,-105,-105,-105,-85,-105,-105,-105,-105,-105,-84,-105,-41,-105,-74,-105,-105,-47,-105,-35,-48,-49,-43,-83,34.28,30.08,4,3,2,3,1,1
-105,-105,-85,-91,-105,-58,-105,-105,-105,-105,-105,-39,-105,-105,-105,-105,-35,-105,-74,-46,-42,-81,-105,-105,-105,-95,-79,-105,-89,-105,-105,-80,-94,-105,-40,-96,-72,-105,-105,-46,-74,-39,-49,-49,-45,-79,29.73,28.88,4,3,2,3,1,1
-105,-105,-105,-65,-105,-56,-105,-105,-105,-105,-105,-31,-105,-105,-105,-105,-40,-105,-42,-105,-36,-46,-70,-105,-105,-105,-83,-105,-67,-105,-105,-86,-105,-105,-43,-105,-73,-105,-105,-44,-105,-41,-48,-50,-46,-82,29.73,27.68,4,3,2,3,1,1
-105,-105,-96,-79,-105,-73,-105,-105,-105,-105,-105,-43,-105,-70,-105,-105,-66,-105,-45,-46,-43,-42,-60,-105,-105,-105,-76,-105,-70,-105,-105,-87,-88,-105,-45,-91,-67,-105,-105,-46,-105,-42,-46,-50,-48,-95,29.73,26.48,4,3,2,3,1,1
-105,-105,-105,-81,-105,-105,-105,-105,-86,-88,-105,-54,-105,-58,-105,-105,-37,-70,-53,-41,-39,-48,-87,-105,-105,-105,-78,-105,-93,-105,-105,-83,-94,-105,-54,-105,-73,-105,-105,-46,-105,-75,-55,-52,-57,-77,29.73,25.28,4,3,2,3,1,1
-105,-105,-105,-105,-105,-105,-105,-105,-105,-105,-105,-29,-105,-105,-105,-105,-41,-37,-105,-39,-44,-40,-105,-105,-105,-92,-74,-105,-69,-105,-105,-76,-76,-105,-41,-82,-63,-105,-105,-42,-38,-43,-44,-44,-51,-71,29.73,24.08,4,3,2,3,1,1
-105,-105,-71,-61,-105,-100,-105,-105,-105,-105,-105,-47,-105,-54,-105,-105,-37,-105,-46,-37,-46,-43,-59,-105,-105,-105,-82,-105,-71,-105,-105,-82,-84,-105,-56,-105,-64,-105,-105,-43,-105,-48,-39,-58,-51,-101,29.73,22.88,4,3,2,3,1,1
-105,-105,-69,-72,-105,-105,-105,-105,-105,-68,-105,-32,-105,-105,-105,-105,-31,-39,-36,-40,-42,-44,-105,-105,-105,-105,-84,-105,-77,-105,-105,-105,-105,-105,-46,-105,-68,-105,-105,-39,-105,-33,-53,-56,-54,-73,34.28,28.88,4,3,2,3,1,1
-105,-105,-64,-71,-105,-105,-105,-105,-66,-105,-105,-37,-105,-53,-81,-105,-29,-37,-41,-40,-42,-46,-105,-105,-105,-105,-83,-105,-73,-105,-105,-105,-85,-105,-48,-89,-74,-105,-105,-39,-105,-39,-53,-47,-46,-79,34.28,27.68,4,3,2,3,1,1
-105,-105,-105,-105,-105,-58,-105,-105,-105,-105,-105,-41,-105,-74,-105,-105,-37,-105,-40,-39,-46,-71,-105,-105,-105,-90,-78,-105,-85,-105,-105,-80,-84,-105,-44,-94,-67,-105,-105,-47,-39,-44,-46,-52,-53,-74,34.28,26.48,4,3,2,3,1,1
-105,-105,-105,-105,-105,-58,-105,-105,-105,-105,-105,-43,-105,-53,-105,-105,-38,-105,-41,-41,-50,-49,-105,-105,-105,-80,-74,-105,-72,-105,-105,-80,-83,-105,-42,-87,-67,-105,-105,-48,-39,-43,-44,-50,-52,-72,34.28,25.28,4,3,2,3,1,1
-105,-105,-105,-54,-105,-58,-105,-105,-105,-69,-105,-46,-105,-50,-105,-105,-48,-105,-47,-43,-49,-45,-66,-105,-105,-75,-68,-105,-105,-105,-105,-105,-76,-105,-51,-85,-57,-105,-105,-46,-39,-40,-36,-54,-50,-105,34.28,24.08,4,3,2,3,1,1
-105,-105,-68,-63,-105,-51,-105,-105,-105,-105,-105,-44,-105,-45,-105,-105,-43,-105,-43,-105,-39,-105,-67,-105,-105,-82,-74,-105,-105,-105,-105,-75,-81,-105,-54,-105,-53,-105,-105,-51,-37,-37,-45,-46,-47,-73,34.28,23.4,4,3,2,3,1,1
-105,-105,-73,-58,-105,-42,-105,-105,-105,-105,-105,-39,-105,-45,-105,-105,-48,-105,-42,-48,-57,-40,-105,-105,-105,-83,-75,-105,-71,-105,-105,-76,-82,-105,-60,-84,-54,-105,-105,-53,-105,-45,-47,-49,-54,-69,34.98,22.875,4,3,2,3,1,1
-105,-105,-105,-105,-105,-53,-105,-105,-105,-105,-105,-42,-105,-47,-105,-105,-74,-105,-44,-48,-48,-66,-85,-105,-105,-88,-70,-105,-67,-90,-105,-94,-79,-105,-51,-90,-59,-93,-105,-54,-105,-46,-44,-48,-52,-79,36.18,22.875,4,3,2,3,1,1
-105,-105,-105,-105,-105,-54,-105,-105,-105,-105,-105,-46,-105,-43,-105,-105,-105,-105,-45,-44,-56,-105,-58,-105,-105,-105,-73,-105,-75,-105,-105,-80,-85,-105,-57,-105,-52,-105,-105,-59,-105,-51,-47,-49,-61,-105,37.38,22.875,4,3,2,3,1,1
-96,-105,-105,-84,-105,-92,-105,-105,-80,-81,-105,-50,-105,-41,-105,-105,-48,-105,-47,-50,-76,-55,-78,-105,-105,-105,-78,-105,-105,-105,-105,-97,-81,-105,-60,-100,-50,-105,-105,-61,-88,-44,-47,-57,-64,-83,38.28,22.875,4,3,2,3,1,1
-105,-105,-105,-105,-105,-105,-105,-105,-105,-105,-105,-105,-105,-50,-105,-105,-105,-105,-48,-105,-67,-52,-67,-105,-105,-105,-83,-105,-105,-105,-105,-105,-84,-105,-67,-105,-42,-105,-105,-63,-105,-52,-57,-64,-66,-105,39.78,22.875,4,3,2,3,1,1
-105,-105,-105,-105,-105,-105,-105,-105,-105,-105,-105,-100,-105,-48,-105,-105,-99,-105,-58,-95,-71,-56,-71,-105,-105,-105,-83,-105,-105,-105,-105,-105,-86,-105,-66,-105,-42,-105,-105,-64,-105,-53,-57,-64,-66,-101,40.98,22.875,4,3,2,3,1,1
-105,-105,-105,-105,-105,-105,-105,-105,-105,-105,-105,-105,-105,-42,-105,-105,-56,-105,-105,-105,-105,-105,-105,-105,-105,-105,-105,-105,-105,-105,-105,-105,-75,-105,-69,-105,-41,-105,-105,-66,-63,-59,-52,-69,-66,-81,42.18,22.875,4,3,2,3,1,1
-105,-105,-93,-105,-105,-83,-105,-105,-105,-105,-105,-80,-105,-37,-105,-105,-56,-105,-105,-76,-83,-105,-89,-105,-105,-105,-105,-105,-105,-105,-105,-105,-77,-105,-67,-105,-37,-105,-105,-68,-66,-58,-54,-69,-69,-82,43.427,22.875,4,3,2,3,1,1
-105,-105,-105,-83,-105,-105,-105,-105,-105,-105,-105,-51,-105,-44,-105,-105,-51,-105,-105,-105,-105,-76,-72,-105,-105,-105,-90,-105,-92,-105,-105,-90,-76,-105,-59,-105,-47,-105,-105,-65,-61,-55,-52,-62,-62,-75,38.28,24.075,4,3,2,3,1,1
-105,-105,-105,-105,-105,-105,-105,-105,-105,-105,-105,-48,-105,-105,-105,-105,-50,-105,-105,-43,-54,-105,-63,-105,-105,-105,-105,-105,-105,-105,-105,-105,-105,-105,-61,-105,-53,-105,-105,-67,-63,-105,-58,-64,-68,-105,38.28,25.275,4,3,2,3,1,1
-105,-105,-105,-105,-105,-105,-105,-105,-105,-105,-105,-48,-105,-43,-105,-105,-46,-105,-105,-52,-62,-105,-68,-105,-105,-105,-105,-105,-105,-105,-105,-105,-81,-105,-57,-105,-56,-105,-105,-67,-105,-53,-64,-66,-78,-105,38.28,26.475,4,3,2,3,1,1
-105,-105,-105,-105,-105,-105,-105,-105,-105,-105,-105,-83,-105,-42,-105,-105,-47,-105,-105,-85,-65,-105,-96,-105,-105,-105,-105,-105,-105,-105,-105,-105,-86,-105,-75,-105,-55,-105,-105,-63,-105,-60,-64,-69,-75,-105,38.28,27.675,4,3,2,3,1,1
-105,-105,-105,-105,-105,-105,-105,-105,-105,-105,-105,-105,-105,-42,-105,-105,-45,-105,-105,-105,-60,-105,-105,-105,-105,-105,-105,-105,-105,-105,-105,-105,-84,-105,-62,-105,-56,-105,-105,-66,-105,-62,-65,-70,-77,-105,38.28,28.875,4,3,2,3,1,1
-105,-105,-105,-105,-105,-105,-105,-105,-105,-105,-105,-49,-105,-49,-105,-105,-55,-105,-105,-59,-60,-105,-105,-105,-105,-105,-105,-105,-82,-105,-105,-82,-75,-105,-62,-105,-57,-105,-105,-62,-65,-105,-60,-64,-72,-105,38.28,30.075,4,3,2,3,1,1
-105,-105,-105,-105,-105,-105,-105,-105,-105,-105,-105,-52,-105,-56,-105,-105,-49,-105,-54,-61,-64,-105,-105,-105,-105,-105,-105,-105,-105,-105,-105,-105,-82,-105,-65,-105,-62,-105,-105,-67,-105,-61,-67,-105,-81,-105,38.28,31.03,4,3,2,3,1,1
-105,-105,-105,-105,-105,-105,-105,-105,-105,-64,-105,-105,-105,-38,-105,-105,-51,-55,-105,-52,-64,-105,-105,-105,-105,-105,-86,-105,-105,-105,-105,-105,-82,-105,-67,-105,-39,-105,-105,-67,-105,-62,-54,-69,-73,-105,43.427,24.075,4,3,2,3,1,1
-105,-105,-105,-105,-105,-105,-105,-105,-105,-105,-105,-105,-105,-36,-105,-105,-46,-105,-105,-49,-105,-105,-67,-105,-105,-105,-105,-105,-105,-105,-105,-105,-84,-105,-105,-105,-40,-105,-105,-66,-105,-105,-51,-105,-105,-105,43.427,25.275,4,3,2,3,1,1
-105,-105,-105,-105,-105,-105,-105,-105,-105,-105,-105,-46,-105,-37,-105,-105,-46,-105,-45,-51,-62,-105,-68,-105,-105,-105,-105,-105,-105,-105,-105,-105,-78,-105,-67,-105,-42,-105,-105,-63,-105,-63,-68,-76,-75,-105,43.427,26.475,4,3,2,3,1,1
-105,-105,-105,-105,-105,-105,-105,-105,-105,-105,-105,-52,-105,-42,-105,-105,-53,-105,-57,-97,-61,-105,-101,-105,-105,-105,-105,-105,-105,-105,-105,-105,-79,-105,-99,-105,-52,-105,-105,-65,-105,-62,-75,-70,-76,-105,43.427,27.675,4,3,2,3,1,1
-105,-105,-105,-105,-105,-105,-105,-105,-105,-105,-105,-53,-105,-43,-105,-105,-54,-105,-54,-105,-61,-105,-105,-105,-105,-105,-105,-105,-105,-105,-105,-105,-79,-105,-105,-105,-53,-105,-105,-65,-105,-62,-76,-69,-76,-105,43.427,28.875,4,3,2,3,1,1
-74,-105,-105,-105,-105,-73,-105,-105,-105,-105,-105,-105,-105,-55,-105,-105,-49,-105,-51,-61,-105,-105,-105,-105,-105,-105,-105,-105,-105,-105,-105,-105,-77,-105,-67,-105,-50,-105,-105,-66,-74,-105,-67,-67,-73,-105,43.427,30.075,4,3,2,3,1,1
-105,-105,-105,-105,-105,-69,-105,-105,-105,-105,-105,-54,-105,-50,-105,-105,-57,-105,-62,-105,-70,-105,-105,-105,-105,-105,-105,-105,-105,-105,-105,-85,-74,-105,-66,-105,-44,-105,-105,-61,-105,-105,-68,-59,-71,-105,43.427,31.03,4,3,2,3,1,1
-105,-105,-74,-105,-105,-58,-105,-105,-105,-64,-105,-45,-105,-53,-105,-105,-40,-105,-48,-34,-38,-32,-46,-105,-105,-105,-71,-105,-69,-105,-105,-81,-74,-105,-52,-105,-70,-105,-105,-60,-105,-47,-43,-58,-51,-65,28.25,21.045,4,3,2,3,1,1
-105,-105,-105,-70,-105,-62,-97,-105,-92,-105,-105,-40,-105,-90,-105,-105,-38,-105,-88,-40,-54,-83,-72,-105,-105,-98,-71,-105,-70,-100,-105,-79,-92,-105,-56,-105,-73,-105,-105,-55,-105,-46,-48,-51,-48,-64,29.73,21.045,4,3,2,3,1,1
-105,-105,-105,-57,-105,-57,-105,-105,-105,-105,-105,-41,-105,-105,-105,-105,-35,-105,-105,-42,-36,-105,-60,-105,-105,-105,-73,-105,-72,-105,-105,-80,-105,-105,-58,-105,-73,-105,-105,-54,-105,-45,-51,-52,-50,-67,31.38,21.045,4,3,2,3,1,1
-105,-105,-105,-61,-105,-46,-105,-105,-63,-105,-105,-40,-69,-57,-105,-105,-46,-105,-36,-41,-43,-35,-52,-105,-105,-105,-71,-105,-70,-105,-105,-80,-76,-105,-60,-105,-75,-105,-105,-56,-105,-42,-46,-49,-52,-65,32.58,21.045,4,3,2,3,1,1
-105,-105,-105,-63,-105,-49,-105,-105,-105,-66,-105,-105,-105,-105,-105,-105,-52,-105,-37,-48,-37,-36,-50,-105,-105,-105,-74,-105,-71,-85,-105,-80,-75,-105,-63,-84,-68,-105,-105,-56,-105,-47,-43,-52,-47,-63,33.78,21.045,4,3,2,3,1,1
-105,-105,-74,-65,-105,-50,-105,-105,-105,-97,-105,-105,-93,-91,-105,-105,-90,-105,-49,-89,-44,-39,-50,-105,-105,-84,-80,-105,-73,-101,-105,-75,-78,-105,-59,-101,-74,-105,-105,-52,-105,-44,-45,-46,-48,-67,34.98,21.045,4,3,2,3,1,1
-105,-105,-67,-69,-105,-55,-105,-105,-105,-105,-105,-46,-69,-64,-105,-105,-50,-105,-42,-39,-51,-41,-52,-105,-105,-74,-66,-105,-63,-105,-105,-70,-68,-105,-105,-81,-73,-105,-105,-49,-41,-43,-41,-43,-50,-61,34.98,19.275,4,3,2,3,1,1
-105,-105,-105,-63,-105,-52,-105,-105,-105,-105,-105,-50,-74,-55,-105,-105,-51,-105,-43,-37,-49,-36,-51,-105,-105,-82,-75,-105,-68,-83,-105,-79,-79,-105,-54,-84,-74,-105,-105,-47,-105,-51,-38,-51,-45,-67,34.98,18.075,4,3,2,3,1,1
-105,-105,-105,-54,-105,-45,-105,-105,-105,-105,-105,-45,-105,-105,-105,-105,-44,-105,-38,-37,-35,-46,-105,-105,-105,-82,-70,-105,-71,-81,-105,-78,-83,-105,-56,-105,-74,-85,-105,-52,-105,-53,-53,-47,-43,-75,28.045,17.072,4,3,2,3,1,1
-105,-105,-77,-54,-105,-45,-105,-105,-105,-105,-105,-45,-105,-105,-105,-105,-49,-105,-79,-43,-49,-39,-74,-105,-105,-96,-73,-105,-74,-96,-105,-76,-80,-105,-57,-91,-76,-98,-105,-52,-105,-48,-51,-49,-45,-73,28.98,17.072,4,3,2,3,1,1
-105,-105,-103,-103,-105,-55,-105,-105,-66,-105,-105,-44,-105,-59,-105,-105,-41,-105,-49,-43,-103,-38,-59,-92,-105,-89,-63,-105,-64,-82,-105,-76,-66,-105,-57,-82,-104,-105,-105,-44,-70,-45,-46,-44,-41,-104,30.18,17.072,4,3,2,3,1,1
-105,-105,-105,-57,-105,-46,-105,-105,-58,-105,-105,-54,-105,-57,-105,-105,-41,-105,-45,-44,-41,-45,-54,-105,-105,-105,-69,-105,-74,-83,-105,-81,-73,-105,-63,-105,-77,-105,-105,-47,-105,-105,-57,-55,-53,-75,31.38,17.072,4,3,2,3,1,1
-105,-105,-62,-105,-105,-43,-105,-105,-105,-105,-105,-105,-60,-65,-105,-105,-43,-105,-41,-35,-44,-105,-50,-105,-105,-105,-69,-105,-72,-105,-105,-105,-105,-105,-58,-87,-105,-105,-105,-54,-105,-44,-46,-44,-43,-65,32.58,17.072,4,3,2,3,1,1
-105,-105,-61,-97,-105,-47,-105,-105,-105,-105,-105,-93,-64,-73,-105,-105,-42,-105,-41,-36,-43,-105,-50,-105,-105,-100,-70,-105,-74,-105,-105,-105,-105,-105,-58,-89,-101,-105,-105,-53,-105,-45,-46,-43,-43,-67,33.78,17.072,4,3,2,3,1,1
-105,-105,-59,-64,-105,-41,-105,-105,-105,-105,-105,-44,-67,-105,-105,-105,-40,-105,-44,-36,-37,-105,-49,-105,-105,-80,-73,-105,-68,-105,-105,-105,-105,-105,-59,-105,-77,-105,-105,-47,-105,-50,-48,-40,-44,-76,34.98,17.072,4,3,2,3,1,1
-105,-105,-105,-63,-105,-45,-105,-105,-56,-105,-105,-50,-105,-105,-105,-105,-44,-105,-42,-44,-37,-40,-54,-105,-105,-105,-105,-105,-67,-82,-105,-105,-66,-105,-61,-85,-81,-105,-105,-56,-43,-53,-44,-41,-43,-65,34.98,15.675,4,3,2,3,1,1
-105,-105,-105,-91,-105,-85,-105,-105,-55,-105,-105,-87,-105,-74,-105,-105,-48,-105,-40,-40,-43,-39,-55,-105,-105,-105,-83,-105,-93,-98,-105,-105,-95,-105,-59,-86,-99,-105,-105,-53,-88,-48,-48,-46,-43,-71,34.98,14.475,4,3,2,3,1,1
-105,-105,-70,-56,-105,-43,-105,-105,-105,-105,-105,-105,-105,-105,-105,-105,-105,-105,-105,-34,-33,-43,-62,-105,-105,-82,-71,-105,-65,-81,-105,-78,-105,-105,-105,-105,-105,-105,-105,-47,-105,-48,-49,-43,-36,-71,28.98,13.086,4,3,2,3,1,1
-105,-105,-87,-54,-105,-51,-105,-105,-105,-105,-105,-78,-89,-105,-105,-105,-77,-105,-105,-36,-32,-74,-58,-105,-105,-95,-70,-105,-65,-81,-105,-78,-105,-105,-78,-93,-93,-105,-105,-48,-105,-46,-53,-41,-40,-88,30.18,13.086,4,3,2,3,1,1
-105,-105,-76,-67,-105,-51,-105,-105,-55,-105,-105,-49,-105,-105,-105,-105,-48,-105,-47,-40,-36,-105,-105,-105,-105,-77,-61,-105,-58,-78,-105,-67,-84,-105,-58,-73,-80,-105,-105,-46,-64,-45,-50,-36,-41,-72,31.38,13.086,4,3,2,3,1,1
-105,-105,-105,-64,-105,-52,-105,-105,-50,-105,-105,-48,-61,-58,-105,-105,-50,-105,-44,-36,-36,-38,-49,-105,-105,-81,-72,-105,-105,-81,-105,-72,-105,-105,-60,-80,-81,-87,-105,-49,-105,-105,-54,-40,-42,-76,32.58,13.086,4,3,2,3,1,1
-105,-105,-105,-62,-105,-105,-105,-105,-58,-105,-105,-47,-105,-105,-105,-105,-105,-105,-46,-34,-37,-34,-54,-105,-105,-81,-71,-105,-69,-105,-105,-76,-71,-105,-60,-105,-76,-105,-105,-51,-105,-55,-53,-39,-42,-74,33.78,13.086,4,3,2,3,1,1
-105,-105,-105,-83,-105,-105,-105,-105,-68,-82,-105,-52,-87,-105,-105,-105,-105,-105,-75,-42,-47,-30,-57,-105,-105,-75,-72,-105,-70,-105,-105,-73,-70,-105,-56,-83,-81,-105,-105,-55,-105,-47,-47,-42,-42,-72,34.98,13.086,4,3,2,3,1,1
-105,-105,-105,-105,-105,-105,-105,-105,-105,-75,-105,-53,-105,-40,-105,-105,-52,-105,-100,-64,-100,-68,-105,-105,-105,-105,-105,-105,-87,-105,-105,-88,-77,-105,-102,-105,-38,-105,-105,-65,-65,-59,-64,-68,-70,-105,38.28,21.675,4,3,2,3,1,1
-105,-105,-105,-91,-105,-105,-105,-105,-105,-105,-105,-62,-105,-41,-105,-105,-78,-105,-105,-72,-78,-65,-82,-105,-105,-105,-105,-105,-83,-105,-105,-105,-81,-105,-65,-105,-44,-105,-105,-62,-105,-61,-65,-65,-68,-105,39.78,21.675,4,3,2,3,1,1
-105,-105,-105,-79,-105,-105,-105,-105,-105,-105,-105,-61,-105,-35,-105,-105,-55,-105,-105,-49,-60,-60,-66,-105,-105,-105,-105,-105,-85,-105,-105,-105,-83,-105,-65,-105,-46,-105,-105,-65,-105,-61,-65,-66,-69,-105,40.98,21.67,4,3,2,3,1,1
-105,-105,-105,-105,-105,-105,-105,-105,-105,-66,-105,-54,-105,-38,-105,-105,-105,-105,-105,-105,-60,-105,-105,-105,-105,-105,-83,-105,-105,-105,-105,-105,-80,-105,-62,-105,-40,-105,-105,-105,-64,-105,-62,-68,-67,-82,42.18,21.67,4,3,2,3,1,1
-105,-105,-105,-105,-105,-63,-105,-105,-105,-60,-105,-105,-105,-41,-105,-105,-45,-105,-55,-105,-63,-57,-105,-105,-105,-105,-105,-105,-105,-105,-105,-105,-74,-105,-71,-105,-39,-105,-105,-67,-105,-66,-61,-68,-72,-105,43.427,21.675,4,3,2,3,1,1
-74,-105,-40,-26,-105,-53,-105,-105,-55,-64,-105,-59,-48,-105,-105,-105,-105,-105,-61,-52,-105,-28,-64,-105,-105,-50,-62,-105,-50,-72,-105,-61,-69,-105,-74,-54,-86,-82,-105,-74,-69,-105,-63,-69,-71,-76,28.63,6.55,4,3,3,2,2,1
-74,-105,-40,-26,-105,-53,-105,-105,-55,-64,-105,-59,-48,-105,-105,-105,-105,-105,-61,-52,-105,-28,-64,-105,-105,-50,-62,-105,-50,-72,-105,-61,-69,-105,-74,-54,-86,-82,-105,-74,-69,-105,-63,-69,-71,-76,29.83,6.55,4,3,3,2,2,1
-105,-105,-44,-50,-105,-46,-57,-105,-58,-105,-105,-105,-43,-105,-27,-105,-105,-105,-105,-59,-105,-105,-105,-105,-85,-50,-53,-105,-53,-105,-105,-66,-68,-105,-78,-47,-80,-105,-89,-80,-74,-105,-67,-67,-105,-64,31.03,6.55,4,3,3,2,2,1
-89,-105,-43,-53,-105,-46,-56,-105,-55,-105,-105,-86,-43,-105,-61,-105,-92,-89,-105,-55,-87,-89,-105,-105,-84,-50,-57,-105,-72,-105,-105,-60,-70,-105,-78,-68,-90,-105,-95,-81,-77,-105,-68,-64,-87,-80,32.23,6.55,4,3,3,2,2,1
-67,-105,-43,-62,-105,-46,-55,-105,-55,-105,-105,-61,-42,-105,-105,-105,-70,-62,-105,-55,-56,-60,-105,-105,-83,-50,-62,-105,-105,-105,-105,-53,-72,-105,-79,-105,-105,-105,-105,-78,-76,-105,-69,-60,-64,-105,33.43,6.55,4,3,3,2,2,1
-102,-105,-45,-102,-105,-41,-98,-105,-53,-62,-105,-60,-41,-105,-105,-105,-103,-58,-71,-61,-98,-54,-105,-105,-104,-50,-99,-105,-55,-69,-105,-59,-101,-105,-75,-45,-84,-105,-84,-72,-103,-105,-70,-69,-75,-79,34.63,6.55,4,3,3,2,2,1
-105,-105,-45,-105,-105,-43,-105,-105,-53,-59,-105,-60,-41,-105,-105,-105,-105,-58,-66,-62,-105,-53,-105,-105,-105,-50,-105,-105,-51,-63,-105,-60,-105,-105,-75,-41,-82,-105,-83,-71,-105,-105,-70,-70,-74,-77,35.83,6.55,4,3,3,2,2,1
-105,-105,-41,-62,-105,-57,-105,-105,-60,-65,-105,-54,-43,-105,-105,-105,-68,-58,-71,-55,-105,-59,-69,-105,-105,-105,-62,-105,-52,-71,-105,-105,-105,-105,-74,-105,-85,-84,-87,-79,-67,-105,-61,-69,-105,-75,28.63,5.65,4,3,3,2,2,1
-105,-105,-41,-62,-105,-57,-105,-105,-60,-65,-105,-54,-43,-105,-105,-105,-68,-58,-71,-55,-105,-59,-69,-105,-105,-105,-62,-105,-52,-71,-105,-105,-105,-105,-74,-105,-85,-84,-87,-79,-67,-105,-61,-69,-105,-75,28.63,4.45,4,3,3,2,2,1
-105,-105,-38,-60,-105,-105,-105,-105,-59,-61,-105,-105,-105,-105,-70,-105,-105,-105,-105,-61,-62,-105,-105,-105,-105,-47,-65,-105,-56,-64,-105,-66,-67,-105,-105,-49,-82,-84,-87,-77,-73,-105,-61,-69,-71,-75,35.83,5.65,4,3,3,2,2,1
-105,-105,-37,-59,-105,-47,-105,-105,-58,-63,-105,-105,-37,-105,-105,-105,-68,-63,-67,-63,-56,-57,-69,-105,-89,-41,-57,-105,-53,-105,-105,-61,-69,-105,-74,-45,-85,-105,-105,-105,-64,-105,-70,-66,-71,-75,35.83,4.45,4,3,3,2,2,1
-105,-105,-39,-60,-105,-61,-90,-105,-59,-62,-105,-105,-36,-105,-105,-105,-77,-73,-80,-53,-56,-68,-78,-105,-94,-44,-60,-105,-52,-94,-105,-63,-69,-105,-77,-43,-84,-105,-98,-95,-67,-98,-68,-68,-72,-85,28.63,2.95,4,3,3,2,2,1
-105,-105,-44,-62,-105,-105,-61,-105,-63,-60,-105,-105,-33,-105,-105,-105,-105,-105,-105,-23,-37,-105,-105,-105,-105,-49,-66,-105,-49,-72,-105,-66,-70,-105,-75,-38,-81,-105,-84,-76,-72,-75,-63,-73,-73,-105,28.63,2.05,4,3,3,2,2,1
-105,-105,-105,-64,-105,-105,-59,-105,-105,-56,-105,-58,-105,-105,-74,-105,-105,-105,-105,-105,-105,-56,-75,-105,-88,-45,-62,-105,-57,-105,-105,-105,-72,-105,-76,-39,-105,-86,-88,-75,-68,-105,-63,-71,-105,-76,29.83,2.95,4,3,3,2,2,1
-105,-105,-105,-64,-105,-105,-59,-105,-105,-56,-105,-58,-105,-105,-74,-105,-105,-105,-105,-105,-105,-56,-75,-105,-88,-105,-62,-105,-57,-105,-105,-105,-72,-105,-76,-39,-105,-86,-88,-75,-68,-105,-63,-71,-105,-76,29.83,2.05,4,3,3,2,2,1
-105,-105,-45,-105,-105,-57,-105,-105,-62,-65,-105,-60,-33,-105,-72,-105,-105,-64,-105,-56,-62,-58,-76,-105,-105,-49,-60,-105,-53,-105,-105,-65,-105,-105,-75,-39,-80,-105,-105,-76,-73,-77,-70,-71,-105,-105,31.03,2.95,4,3,3,2,2,1
-105,-105,-45,-105,-105,-57,-105,-105,-62,-65,-105,-60,-33,-105,-72,-105,-105,-64,-105,-56,-62,-58,-76,-105,-105,-49,-60,-105,-53,-105,-105,-65,-105,-105,-75,-39,-80,-105,-105,-76,-73,-77,-70,-71,-105,-105,31.03,2.05,4,3,3,2,2,1
-105,-105,-39,-59,-105,-64,-36,-105,-59,-68,-105,-59,-30,-66,-105,-105,-66,-64,-105,-57,-56,-59,-73,-105,-105,-105,-63,-105,-57,-105,-105,-65,-105,-105,-78,-39,-81,-105,-105,-75,-105,-78,-68,-75,-105,-81,32.23,2.95,4,3,3,2,2,1
-105,-105,-39,-61,-105,-62,-46,-105,-62,-83,-105,-61,-32,-82,-91,-105,-82,-80,-105,-76,-73,-75,-74,-105,-100,-87,-61,-105,-56,-92,-105,-69,-105,-105,-89,-41,-89,-105,-98,-75,-91,-78,-68,-73,-95,-89,32.23,2.05,4,3,3,2,2,1
-105,-105,-38,-63,-105,-60,-61,-105,-58,-105,-105,-64,-36,-105,-71,-105,-105,-105,-105,-105,-105,-105,-70,-105,-89,-50,-57,-105,-56,-67,-105,-70,-105,-105,-105,-45,-105,-105,-87,-74,-70,-105,-69,-71,-76,-105,33.43,2.95,4,3,3,2,2,1
-105,-105,-35,-105,-105,-49,-62,-105,-55,-65,-105,-105,-41,-105,-59,-105,-71,-105,-105,-56,-64,-69,-105,-105,-105,-52,-53,-105,-55,-105,-105,-64,-70,-105,-76,-39,-83,-105,-89,-73,-73,-105,-68,-69,-75,-67,33.43,2.05,4,3,3,2,2,1
-105,-105,-35,-105,-105,-49,-62,-105,-55,-65,-105,-105,-41,-105,-59,-105,-71,-105,-105,-56,-64,-69,-105,-105,-105,-52,-53,-105,-55,-105,-105,-64,-70,-105,-76,-39,-83,-105,-89,-73,-73,-105,-68,-69,-75,-67,34.63,2.95,4,3,3,2,2,1
-105,-105,-35,-66,-105,-47,-62,-105,-60,-62,-105,-60,-37,-105,-105,-105,-105,-63,-67,-55,-63,-66,-105,-105,-105,-43,-63,-105,-55,-71,-105,-60,-75,-105,-105,-44,-105,-86,-87,-72,-70,-76,-69,-69,-105,-72,34.63,2.05,4,3,3,2,2,1
-105,-105,-37,-65,-105,-48,-71,-105,-62,-66,-105,-69,-35,-105,-105,-105,-105,-67,-77,-56,-61,-74,-97,-105,-105,-43,-63,-105,-55,-78,-105,-60,-74,-105,-97,-44,-105,-91,-88,-72,-70,-78,-76,-68,-98,-72,35.83,3.25,4,3,3,2,2,1
-105,-105,-41,-62,-105,-50,-105,-105,-57,-67,-105,-105,-30,-105,-105,-105,-105,-67,-105,-59,-55,-105,-64,-105,-105,-42,-63,-105,-54,-105,-105,-60,-73,-105,-74,-45,-105,-105,-87,-71,-70,-105,-105,-67,-70,-71,35.83,2.05,4,3,3,2,2,1
-105,-45,-105,-105,-49,-105,-105,-44,-105,-105,-105,-105,-105,-105,-105,-105,-105,-105,-105,-105,-105,-105,-105,-105,-56,-105,-105,-57,-79,-86,-56,-86,-85,-105,-105,-105,-105,-77,-53,-105,-105,-105,-105,-105,-105,-105,73.43,8.05,4,3,3,2,2,1
-105,-46,-105,-105,-68,-105,-105,-64,-105,-105,-105,-105,-105,-105,-105,-105,-105,-105,-105,-105,-105,-105,-105,-105,-52,-105,-105,-60,-81,-92,-57,-83,-91,-105,-105,-105,-105,-75,-52,-105,-105,-105,-105,-105,-105,-105,74.63,8.05,4,3,3,2,2,1
-105,-105,-105,-105,-57,-105,-105,-42,-105,-105,-105,-105,-105,-105,-105,-43,-105,-105,-105,-105,-105,-105,-105,-105,-50,-105,-105,-62,-81,-83,-55,-105,-83,-70,-105,-105,-105,-70,-51,-105,-105,-105,-105,-105,-105,-105,75.83,8.05,4,3,3,2,2,1
-72,-85,-105,-105,-79,-105,-105,-52,-105,-105,-82,-105,-105,-105,-105,-69,-105,-105,-105,-105,-105,-105,-105,-105,-55,-105,-105,-67,-81,-86,-62,-105,-84,-85,-105,-105,-105,-73,-56,-105,-105,-105,-105,-105,-105,-105,77.03,8.05,4,3,3,2,2,1
-65,-64,-105,-105,-105,-105,-105,-55,-105,-105,-59,-105,-105,-105,-105,-105,-105,-105,-105,-105,-105,-105,-105,-105,-54,-105,-105,-68,-81,-87,-66,-105,-82,-105,-105,-105,-105,-74,-54,-105,-105,-105,-105,-105,-105,-105,78.23,8.05,4,3,3,2,2,1
-105,-105,-105,-105,-58,-105,-105,-54,-105,-105,-61,-105,-105,-105,-64,-105,-105,-105,-105,-105,-105,-105,-105,-105,-105,-105,-105,-67,-76,-105,-61,-105,-80,-74,-105,-105,-105,-68,-53,-105,-105,-105,-105,-105,-105,-105,79.43,8.05,4,3,3,2,2,1
-105,-105,-105,-105,-58,-105,-105,-54,-105,-105,-61,-105,-105,-105,-64,-105,-105,-105,-105,-105,-105,-105,-105,-105,-105,-105,-105,-67,-76,-105,-61,-105,-80,-74,-105,-105,-105,-68,-53,-105,-105,-105,-105,-105,-105,-105,80.63,8.05,4,3,3,2,2,1
-105,-60,-105,-105,-105,-105,-105,-25,-105,-105,-105,-105,-105,-105,-105,-55,-105,-105,-105,-105,-105,-105,-105,-105,-73,-105,-105,-76,-105,-105,-63,-105,-89,-76,-105,-105,-105,-86,-66,-105,-105,-105,-105,-105,-105,-105,82.43,8.05,4,3,3,2,2,1
-105,-102,-105,-105,-75,-105,-105,-54,-105,-105,-57,-105,-105,-105,-105,-45,-105,-105,-105,-105,-105,-105,-105,-105,-63,-105,-105,-61,-86,-87,-53,-86,-86,-105,-105,-105,-105,-79,-50,-105,-105,-105,-105,-105,-105,-105,73.43,6.85,4,3,3,2,2,1
-105,-105,-105,-105,-55,-105,-105,-55,-105,-105,-57,-105,-105,-105,-105,-43,-105,-105,-105,-105,-105,-105,-105,-105,-64,-105,-105,-61,-86,-87,-54,-86,-85,-71,-105,-105,-105,-78,-49,-105,-105,-105,-105,-105,-105,-105,73.43,5.65,4,3,3,2,2,1
-68,-105,-105,-105,-105,-105,-105,-105,-105,-105,-62,-105,-105,-105,-105,-105,-105,-105,-105,-105,-105,-105,-105,-105,-61,-105,-105,-68,-85,-105,-62,-88,-86,-105,-105,-105,-105,-85,-63,-105,-105,-105,-105,-105,-105,-105,82.43,6.85,4,3,3,2,2,1
-84,-88,-105,-105,-92,-105,-105,-80,-105,-105,-62,-105,-105,-105,-105,-80,-105,-105,-105,-105,-105,-105,-105,-105,-62,-105,-105,-68,-85,-99,-58,-88,-87,-105,-105,-105,-105,-84,-62,-105,-105,-105,-105,-105,-105,-105,82.43,5.65,4,3,3,2,2,1
-105,-71,-105,-105,-96,-105,-105,-48,-105,-105,-59,-105,-105,-105,-67,-48,-105,-105,-105,-105,-105,-105,-105,-105,-74,-105,-105,-67,-91,-94,-54,-94,-92,-105,-105,-105,-105,-84,-60,-105,-105,-105,-105,-105,-105,-105,73.43,4.45,4,3,3,2,2,1
-105,-105,-105,-105,-53,-105,-105,-55,-105,-105,-65,-105,-105,-105,-70,-49,-105,-105,-105,-105,-105,-105,-105,-105,-60,-105,-105,-64,-83,-105,-59,-87,-105,-105,-105,-105,-105,-82,-55,-105,-105,-105,-105,-105,-105,-105,74.63,4.15,4,3,3,2,2,1
-105,-103,-105,-105,-63,-105,-105,-46,-105,-105,-50,-105,-105,-105,-73,-56,-105,-105,-105,-105,-105,-105,-105,-105,-79,-105,-105,-67,-86,-92,-62,-92,-89,-105,-105,-105,-105,-80,-59,-105,-105,-105,-105,-105,-105,-105,74.63,3.25,4,3,3,2,2,1
-105,-58,-105,-105,-105,-105,-105,-47,-105,-105,-47,-105,-105,-105,-70,-105,-105,-105,-105,-105,-105,-105,-105,-105,-69,-105,-105,-67,-85,-105,-63,-105,-105,-105,-105,-105,-105,-105,-63,-105,-105,-105,-105,-105,-105,-105,74.63,2.05,4,3,3,2,2,1
-105,-92,-105,-105,-60,-105,-105,-84,-105,-105,-105,-105,-105,-105,-96,-44,-105,-105,-105,-105,-105,-105,-105,-105,-87,-105,-105,-68,-81,-85,-88,-98,-99,-90,-105,-105,-105,-93,-58,-105,-105,-105,-105,-105,-105,-105,75.83,4.15,4,3,3,2,2,1
-105,-105,-105,-105,-62,-105,-105,-90,-105,-105,-90,-105,-105,-105,-102,-47,-105,-105,-105,-105,-105,-105,-105,-105,-94,-105,-105,-65,-81,-83,-93,-105,-100,-105,-105,-105,-105,-96,-58,-105,-105,-105,-105,-105,-105,-105,75.83,3.25,4,3,3,2,2,1
-71,-105,-105,-105,-62,-105,-105,-52,-105,-105,-59,-105,-105,-105,-105,-54,-105,-105,-105,-105,-105,-105,-105,-105,-67,-105,-105,-70,-83,-86,-64,-80,-84,-105,-105,-105,-105,-76,-58,-105,-105,-105,-105,-105,-105,-105,75.83,2.05,4,3,3,2,2,1
-105,-94,-105,-105,-61,-105,-105,-60,-105,-105,-54,-105,-105,-105,-69,-73,-105,-105,-105,-105,-105,-105,-105,-105,-62,-105,-105,-87,-79,-84,-64,-83,-82,-71,-105,-105,-105,-77,-54,-105,-105,-105,-105,-105,-105,-105,77.03,4.15,4,3,3,2,2,1
-105,-59,-105,-105,-58,-85,-105,-59,-105,-105,-56,-105,-105,-105,-70,-52,-105,-105,-105,-105,-105,-105,-105,-105,-61,-105,-105,-60,-79,-85,-62,-81,-82,-68,-105,-105,-105,-77,-54,-105,-105,-105,-105,-105,-105,-105,77.03,3.25,4,3,3,2,2,1
-85,-75,-105,-105,-51,-105,-105,-56,-105,-85,-61,-105,-105,-105,-68,-43,-105,-105,-105,-105,-105,-105,-105,-105,-57,-105,-105,-67,-79,-90,-64,-105,-78,-72,-105,-105,-105,-96,-55,-105,-105,-105,-105,-105,-105,-105,78.23,4.15,4,3,3,2,2,1
-76,-54,-105,-105,-52,-105,-105,-64,-105,-77,-51,-105,-105,-105,-46,-105,-105,-105,-105,-105,-105,-105,-105,-105,-105,-105,-105,-66,-76,-83,-61,-85,-78,-71,-105,-105,-105,-74,-58,-105,-105,-105,-105,-105,-105,-105,78.23,3.25,4,3,3,2,2,1
-105,-57,-105,-105,-62,-105,-105,-50,-105,-105,-68,-105,-105,-105,-94,-51,-105,-105,-105,-105,-105,-105,-105,-105,-57,-105,-105,-73,-80,-93,-69,-94,-83,-93,-105,-105,-105,-82,-61,-105,-105,-105,-105,-105,-105,-105,79.43,4.15,4,3,3,2,2,1
-105,-94,-105,-105,-69,-105,-105,-56,-105,-105,-62,-105,-105,-105,-105,-91,-105,-105,-105,-105,-105,-105,-105,-105,-105,-105,-105,-68,-99,-101,-65,-100,-85,-105,-105,-105,-105,-81,-90,-105,-105,-105,-105,-105,-105,-105,79.43,3.25,4,3,3,2,2,1
-105,-105,-105,-105,-69,-105,-105,-57,-105,-105,-63,-105,-105,-105,-105,-105,-105,-105,-105,-105,-105,-105,-105,-105,-105,-105,-105,-69,-105,-105,-65,-105,-85,-105,-105,-105,-105,-80,-105,-105,-105,-105,-105,-105,-105,-105,80.63,4.15,4,3,3,2,2,1
-105,-105,-105,-105,-57,-105,-105,-53,-105,-105,-59,-105,-105,-105,-105,-11,-105,-105,-105,-105,-105,-105,-105,-105,-57,-105,-105,-68,-82,-105,-67,-86,-89,-105,-105,-105,-105,-81,-58,-105,-105,-105,-105,-105,-105,-105,80.63,3.25,4,3,3,2,2,1
-105,-105,-105,-105,-58,-105,-105,-52,-105,-105,-62,-105,-105,-105,-105,-14,-105,-105,-105,-105,-105,-105,-105,-105,-58,-105,-105,-68,-82,-105,-66,-86,-89,-105,-105,-105,-105,-81,-58,-105,-105,-105,-105,-105,-105,-105,82.43,4.45,4,3,3,2,2,1
-76,-105,-105,-105,-67,-105,-105,-51,-105,-105,-56,-105,-105,-105,-73,-51,-105,-105,-105,-105,-105,-105,-105,-105,-60,-105,-105,-68,-87,-88,-59,-105,-89,-75,-105,-105,-105,-80,-61,-105,-105,-105,-105,-105,-105,-105,82.43,3.25,4,3,3,2,2,1
